Timestamp,1- ¿Como describiria el nivel tecnologico con el que opera en su lugar de trabajo?,2- ¿Cuanto tiempo estima que usted o su equipo pierden a la semana realizando tareas repetitivas o que puedan ser automatizada?,"3 - ¿Como se almacena actualmente la información importante en su lugar de trabajo (inventario, datos de cliente, ventas diarias)?","4 - ¿Cree que su negocio está perdiendo dinero, clientes o oportunidades de crecimiento debido a falta de organización o lentitud en procesos?",5- ¿Que tan dispuesto estaria a implementar un sistema o programa a la medida que automatice el trabajo pesado para su negocio?,6- ¿Cual considera que son sus principales frenos para automatizar o modernizar los procesos de su empresa?,"7- ¿Estaría dispuesto a contar con un equipo tecnológico externo que conozca su negocio y se encargue continuamente del soporte, mantenimiento y mejora de sus sistemas?","8- ¿Qué tan dispuesto(a) estaría a aprender y utilizar nuevas tecnologías que puedan ayudarle a ahorrar tiempo, reducir costos y mejorar la gestión de su negocio?",9- ¿Qué sería lo más importante para usted al momento de decidir implementar una nueva herramienta tecnológica en su negocio?,"10- Si pudiera mejorar o automatizar un solo proceso de su negocio hoy, ¿cuál elegiría y qué problema le está causando actualmente?",score_madurez_1_4,horas_estimadas_semana,score_dolor_1_5,score_disposicion_1_4,score_equipo_externo_1_4,score_aprendizaje_1_4,indice_oportunidad_0_100,nivel_oportunidad,segmento_comercial
2026/08/14 12:59:48 p.m. CST,Muy Bajo,Entre 5 y 10 horas a la semana,"En libretas, folders o agendas físicas",5,Dispuesto,Desconocimiento sobre que opciones existen,Definitivamente,Muy Dispuesto,Automatice mi negocio;Precio accesible;Aumente mis ingresos;Facilidad de uso,Mejoraría los reportes porque genera duplicados para mejorar el servicio.,1,7.5,5,3,4,4,87.78,Muy alta,Listo para vender
2026/08/14 12:59:49 p.m. CST,Muy Bajo,Entre 5 y 10 horas a la semana,"En libretas, folders o agendas físicas",5,Dispuesto,Desconocimiento sobre que opciones existen,Definitivamente,Muy Dispuesto,Precio accesible,Mejoraría el seguimiento de garantías porque se maneja de forma dispersa para tener información centralizada.,1,7.5,5,3,4,4,87.78,Muy alta,Listo para vender
2026/08/14 12:59:50 p.m. CST,Muy Bajo,Entre 5 y 10 horas a la semana,"En libretas, folders o agendas físicas",5,Dispuesto,Desconocimiento sobre que opciones existen,Definitivamente,Muy Dispuesto,Aumente mis ingresos,Mejoraría el archivo de documentos porque depende de hojas de cálculo para reducir errores.,1,7.5,5,3,4,4,87.78,Muy alta,Listo para vender
2026/08/14 12:59:50 p.m. CST,Muy Bajo,Entre 5 y 10 horas a la semana,"En libretas, folders o agendas físicas",5,Dispuesto,Desconocimiento sobre que opciones existen,Definitivamente,Muy Dispuesto,Facilidad de uso,Mejoraría las compras porque no tiene responsables claros para reducir errores.,1,7.5,5,3,4,4,87.78,Muy alta,Listo para vender
2026/08/14 12:59:50 p.m. CST,Muy Bajo,Entre 5 y 10 horas a la semana,"En libretas, folders o agendas físicas",3,Dispuesto,Desconocimiento sobre que opciones existen,Definitivamente,Muy Dispuesto,Automatice mi negocio;Precio accesible;Aumente mis ingresos;Facilidad de uso,Mejoraría los turnos del equipo porque no deja ver el estado real para tener información centralizada.,1,7.5,3,3,4,4,79.44,Muy alta,Educar y nutrir
2026/08/14 12:59:50 p.m. CST,Muy Bajo,Entre 5 y 10 horas a la semana,"En libretas, folders o agendas físicas",4,Dispuesto,Desconocimiento sobre que opciones existen,Definitivamente,Muy Dispuesto,Automatice mi negocio;Precio accesible;Aumente mis ingresos;Facilidad de uso,Mejoraría la atención de consultas porque quita tiempo al equipo para responder más rápido.,1,7.5,4,3,4,4,83.61,Muy alta,Listo para vender
2026/08/14 12:59:50 p.m. CST,Muy Bajo,Entre 5 y 10 horas a la semana,"En libretas, folders o agendas físicas",3,Dispuesto,Desconocimiento sobre que opciones existen,Definitivamente,Muy Dispuesto,Automatice mi negocio;Precio accesible;Aumente mis ingresos;Facilidad de uso,Mejoraría la agenda de citas porque genera duplicados para aumentar la productividad.,1,7.5,3,3,4,4,79.44,Muy alta,Educar y nutrir
2026/08/14 12:59:51 p.m. CST,Muy Bajo,Entre 5 y 10 horas a la semana,"En libretas, folders o agendas físicas",3,Dispuesto,Desconocimiento sobre que opciones existen,Definitivamente,Muy Dispuesto,Automatice mi negocio;Precio accesible;Aumente mis ingresos;Facilidad de uso,Mejoraría los pagos pendientes porque causa olvidos para aumentar la productividad.,1,7.5,3,3,4,4,79.44,Muy alta,Educar y nutrir
2026/08/14 12:59:51 p.m. CST,Muy Bajo,Entre 5 y 10 horas a la semana,"En libretas, folders o agendas físicas",5,Dispuesto,Desconocimiento sobre que opciones existen,Definitivamente,Muy Dispuesto,Automatice mi negocio;Precio accesible;Aumente mis ingresos,Mejoraría la atención de consultas porque no tiene alertas para mejorar el servicio.,1,7.5,5,3,4,4,87.78,Muy alta,Listo para vender
2026/08/14 12:59:51 p.m. CST,Muy Bajo,Entre 5 y 10 horas a la semana,"En libretas, folders o agendas físicas",3,Dispuesto,Desconocimiento sobre que opciones existen,Definitivamente,Muy Dispuesto,Automatice mi negocio;Precio accesible;Aumente mis ingresos;Facilidad de uso,Mejoraría el inventario porque causa olvidos para ordenar el trabajo.,1,7.5,3,3,4,4,79.44,Muy alta,Educar y nutrir
2026/08/14 12:59:51 p.m. CST,Muy Bajo,Entre 5 y 10 horas a la semana,"En libretas, folders o agendas físicas",3,Dispuesto,Desconocimiento sobre que opciones existen,Definitivamente,Muy Dispuesto,Aumente mis ingresos;Facilidad de uso,Mejoraría las cotizaciones porque causa olvidos para controlar mejor los costos.,1,7.5,3,3,4,4,79.44,Muy alta,Educar y nutrir
2026/08/14 12:59:51 p.m. CST,Muy Bajo,Entre 5 y 10 horas a la semana,"En libretas, folders o agendas físicas",5,Dispuesto,Desconocimiento sobre que opciones existen,Definitivamente,Muy Dispuesto,Automatice mi negocio;Aumente mis ingresos;Facilidad de uso,Mejoraría el control de gastos porque no tiene responsables claros para evitar tareas repetidas.,1,7.5,5,3,4,4,87.78,Muy alta,Listo para vender
2026/08/14 12:59:51 p.m. CST,Muy Bajo,Entre 5 y 10 horas a la semana,"En libretas, folders o agendas físicas",3,Dispuesto,Desconocimiento sobre que opciones existen,Definitivamente,Muy Dispuesto,Automatice mi negocio;Precio accesible;Aumente mis ingresos;Facilidad de uso,Mejoraría el registro de proveedores porque se maneja de forma dispersa para reducir errores.,1,7.5,3,3,4,4,79.44,Muy alta,Educar y nutrir
2026/08/14 12:59:51 p.m. CST,Muy Bajo,Entre 5 y 10 horas a la semana,"En libretas, folders o agendas físicas",4,Dispuesto,Desconocimiento sobre que opciones existen,Definitivamente,Muy Dispuesto,Precio accesible,Mejoraría los indicadores porque requiere mucho trabajo manual para aumentar la productividad.,1,7.5,4,3,4,4,83.61,Muy alta,Listo para vender
2026/08/14 12:59:52 p.m. CST,Muy Bajo,Entre 5 y 10 horas a la semana,"En libretas, folders o agendas físicas",4,Dispuesto,Desconocimiento sobre que opciones existen,Definitivamente,Muy Dispuesto,Automatice mi negocio;Precio accesible;Facilidad de uso,Mejoraría la comunicación con clientes porque requiere revisar varios archivos para aumentar la productividad.,1,7.5,4,3,4,4,83.61,Muy alta,Listo para vender
2026/08/14 12:59:52 p.m. CST,Muy Bajo,Entre 5 y 10 horas a la semana,"En libretas, folders o agendas físicas",5,Dispuesto,Desconocimiento sobre que opciones existen,Definitivamente,Muy Dispuesto,Automatice mi negocio;Precio accesible;Aumente mis ingresos;Facilidad de uso,Mejoraría el seguimiento de garantías porque impide medir resultados para ahorrar tiempo.,1,7.5,5,3,4,4,87.78,Muy alta,Listo para vender
2026/08/14 12:59:52 p.m. CST,Muy Bajo,Entre 5 y 10 horas a la semana,"En libretas, folders o agendas físicas",3,Dispuesto,Desconocimiento sobre que opciones existen,Definitivamente,Muy Dispuesto,Precio accesible;Aumente mis ingresos;Facilidad de uso,Mejoraría la planificación semanal porque quita tiempo al equipo para tener información centralizada.,1,7.5,3,3,4,4,79.44,Muy alta,Educar y nutrir
2026/08/14 12:59:52 p.m. CST,Muy Bajo,Entre 5 y 10 horas a la semana,"En libretas, folders o agendas físicas",4,Dispuesto,Desconocimiento sobre que opciones existen,Definitivamente,Muy Dispuesto,Precio accesible;Aumente mis ingresos;Facilidad de uso,Mejoraría el registro de proveedores porque genera duplicados para tener información centralizada.,1,7.5,4,3,4,4,83.61,Muy alta,Listo para vender
2026/08/14 12:59:52 p.m. CST,Muy Bajo,Entre 5 y 10 horas a la semana,"En libretas, folders o agendas físicas",3,Dispuesto,Desconocimiento sobre que opciones existen,Definitivamente,Muy Dispuesto,Automatice mi negocio;Aumente mis ingresos,Mejoraría la atención de consultas porque se actualiza tarde para mejorar el servicio.,1,7.5,3,3,4,4,79.44,Muy alta,Educar y nutrir
2026/08/14 12:59:52 p.m. CST,Muy Bajo,Entre 5 y 10 horas a la semana,"En libretas, folders o agendas físicas",5,Dispuesto,Desconocimiento sobre que opciones existen,Definitivamente,Muy Dispuesto,Aumente mis ingresos;Facilidad de uso,Mejoraría la atención de consultas porque no tiene alertas para controlar mejor los costos.,1,7.5,5,3,4,4,87.78,Muy alta,Listo para vender
2026/08/14 12:59:56 p.m. CST,Muy Bajo,Entre 5 y 10 horas a la semana,"En libretas, folders o agendas físicas",3,Dispuesto,Desconocimiento sobre que opciones existen,Definitivamente,Muy Dispuesto,Precio accesible;Aumente mis ingresos;Facilidad de uso,Mejoraría el control de caja porque se pierde información para aumentar la productividad.,1,7.5,3,3,4,4,79.44,Muy alta,Educar y nutrir
2026/08/14 12:59:56 p.m. CST,Muy Bajo,Entre 5 y 10 horas a la semana,"En libretas, folders o agendas físicas",4,Dispuesto,Desconocimiento sobre que opciones existen,Definitivamente,Muy Dispuesto,Automatice mi negocio;Precio accesible;Aumente mis ingresos;Facilidad de uso,Mejoraría el archivo de documentos porque requiere mucho trabajo manual para evitar tareas repetidas.,1,7.5,4,3,4,4,83.61,Muy alta,Listo para vender
2026/08/14 12:59:57 p.m. CST,Muy Bajo,Entre 5 y 10 horas a la semana,"En libretas, folders o agendas físicas",3,Dispuesto,Desconocimiento sobre que opciones existen,Definitivamente,Muy Dispuesto,Precio accesible,Mejoraría la atención de consultas porque dificulta dar seguimiento para controlar mejor los costos.,1,7.5,3,3,4,4,79.44,Muy alta,Educar y nutrir
2026/08/14 12:59:57 p.m. CST,Muy Bajo,Entre 5 y 10 horas a la semana,"En libretas, folders o agendas físicas",4,Dispuesto,Desconocimiento sobre que opciones existen,Definitivamente,Muy Dispuesto,Precio accesible;Aumente mis ingresos,Mejoraría los indicadores porque depende de hojas de cálculo para mejorar el servicio.,1,7.5,4,3,4,4,83.61,Muy alta,Listo para vender
2026/08/14 12:59:57 p.m. CST,Muy Bajo,Entre 5 y 10 horas a la semana,"En libretas, folders o agendas físicas",5,Dispuesto,Desconocimiento sobre que opciones existen,Definitivamente,Muy Dispuesto,Automatice mi negocio;Precio accesible;Aumente mis ingresos;Facilidad de uso,Mejoraría los turnos del equipo porque retrasa las decisiones para mejorar el servicio.,1,7.5,5,3,4,4,87.78,Muy alta,Listo para vender
2026/08/14 12:59:57 p.m. CST,Muy Bajo,Entre 5 y 10 horas a la semana,"En libretas, folders o agendas físicas",3,Dispuesto,Desconocimiento sobre que opciones existen,Definitivamente,Muy Dispuesto,Precio accesible;Facilidad de uso,Mejoraría el seguimiento de clientes porque hace difícil encontrar datos para controlar mejor los costos.,1,7.5,3,3,4,4,79.44,Muy alta,Educar y nutrir
2026/08/14 12:59:57 p.m. CST,Muy Bajo,Entre 5 y 10 horas a la semana,"En libretas, folders o agendas físicas",4,Dispuesto,Desconocimiento sobre que opciones existen,Definitivamente,Muy Dispuesto,Automatice mi negocio;Precio accesible;Aumente mis ingresos;Facilidad de uso,Mejoraría el inventario porque limita el crecimiento para reducir errores.,1,7.5,4,3,4,4,83.61,Muy alta,Listo para vender
2026/08/14 12:59:58 p.m. CST,Muy Bajo,Entre 5 y 10 horas a la semana,"En libretas, folders o agendas físicas",3,Dispuesto,Desconocimiento sobre que opciones existen,Definitivamente,Muy Dispuesto,Precio accesible;Facilidad de uso,Mejoraría la atención de consultas porque requiere mucho trabajo manual para responder más rápido.,1,7.5,3,3,4,4,79.44,Muy alta,Educar y nutrir
2026/08/14 12:59:59 p.m. CST,Muy Bajo,Entre 5 y 10 horas a la semana,"En libretas, folders o agendas físicas",4,Dispuesto,Desconocimiento sobre que opciones existen,Definitivamente,Muy Dispuesto,Precio accesible;Aumente mis ingresos;Facilidad de uso,Mejoraría la planificación semanal porque no deja ver el estado real para controlar mejor los costos.,1,7.5,4,3,4,4,83.61,Muy alta,Listo para vender
2026/08/14 12:59:59 p.m. CST,Muy Bajo,Entre 5 y 10 horas a la semana,"En libretas, folders o agendas físicas",3,Dispuesto,Desconocimiento sobre que opciones existen,Definitivamente,Muy Dispuesto,Facilidad de uso,Mejoraría la agenda de citas porque complica la coordinación para ahorrar tiempo.,1,7.5,3,3,4,4,79.44,Muy alta,Educar y nutrir
2026/08/14 12:59:59 p.m. CST,Muy Bajo,Entre 5 y 10 horas a la semana,"En libretas, folders o agendas físicas",3,Dispuesto,Desconocimiento sobre que opciones existen,Definitivamente,Muy Dispuesto,Automatice mi negocio,Mejoraría la atención de consultas porque produce retrasos para ordenar el trabajo.,1,7.5,3,3,4,4,79.44,Muy alta,Educar y nutrir
2026/08/14 1:00:00 p.m. CST,Muy Bajo,Entre 5 y 10 horas a la semana,"En libretas, folders o agendas físicas",4,Dispuesto,Desconocimiento sobre que opciones existen,Definitivamente,Muy Dispuesto,Automatice mi negocio;Facilidad de uso,Mejoraría el archivo de documentos porque limita el crecimiento para reducir errores.,1,7.5,4,3,4,4,83.61,Muy alta,Listo para vender
2026/08/14 1:00:01 p.m. CST,Muy Bajo,Entre 5 y 10 horas a la semana,"En libretas, folders o agendas físicas",5,Dispuesto,Desconocimiento sobre que opciones existen,Definitivamente,Muy Dispuesto,Automatice mi negocio;Facilidad de uso,Mejoraría el control de caja porque requiere mucho trabajo manual para controlar mejor los costos.,1,7.5,5,3,4,4,87.78,Muy alta,Listo para vender
2026/08/14 1:00:01 p.m. CST,Muy Bajo,Entre 5 y 10 horas a la semana,"En libretas, folders o agendas físicas",5,Dispuesto,Desconocimiento sobre que opciones existen,Definitivamente,Muy Dispuesto,Aumente mis ingresos,Mejoraría el registro de proveedores porque provoca errores para mejorar el servicio.,1,7.5,5,3,4,4,87.78,Muy alta,Listo para vender
2026/08/14 1:00:01 p.m. CST,Muy Bajo,Entre 5 y 10 horas a la semana,"En libretas, folders o agendas físicas",5,Dispuesto,Desconocimiento sobre que opciones existen,Definitivamente,Muy Dispuesto,Automatice mi negocio;Precio accesible;Aumente mis ingresos,Mejoraría los contratos porque provoca errores para tomar decisiones con datos.,1,7.5,5,3,4,4,87.78,Muy alta,Listo para vender
2026/08/14 1:00:01 p.m. CST,Muy Bajo,Entre 5 y 10 horas a la semana,"En libretas, folders o agendas físicas",5,Dispuesto,Desconocimiento sobre que opciones existen,Definitivamente,Muy Dispuesto,Automatice mi negocio;Precio accesible;Aumente mis ingresos;Facilidad de uso,Mejoraría las tareas recurrentes porque dificulta dar seguimiento para ordenar el trabajo.,1,7.5,5,3,4,4,87.78,Muy alta,Listo para vender
2026/08/14 1:00:01 p.m. CST,Muy Bajo,Entre 5 y 10 horas a la semana,"En libretas, folders o agendas físicas",5,Dispuesto,Desconocimiento sobre que opciones existen,Definitivamente,Muy Dispuesto,Precio accesible;Aumente mis ingresos;Facilidad de uso,Mejoraría la agenda de citas porque produce retrasos para aumentar la productividad.,1,7.5,5,3,4,4,87.78,Muy alta,Listo para vender
2026/08/14 1:00:01 p.m. CST,Muy Bajo,Entre 5 y 10 horas a la semana,"En libretas, folders o agendas físicas",5,Dispuesto,Desconocimiento sobre que opciones existen,Definitivamente,Muy Dispuesto,Precio accesible;Facilidad de uso,Mejoraría los indicadores porque causa olvidos para responder más rápido.,1,7.5,5,3,4,4,87.78,Muy alta,Listo para vender
2026/08/14 1:00:02 p.m. CST,Muy Bajo,Entre 5 y 10 horas a la semana,"En libretas, folders o agendas físicas",4,Dispuesto,Desconocimiento sobre que opciones existen,Definitivamente,Muy Dispuesto,Aumente mis ingresos,Mejoraría el archivo de documentos porque requiere mucho trabajo manual para ahorrar tiempo.,1,7.5,4,3,4,4,83.61,Muy alta,Listo para vender
2026/08/14 1:00:02 p.m. CST,Muy Bajo,Entre 5 y 10 horas a la semana,"En libretas, folders o agendas físicas",5,Dispuesto,Desconocimiento sobre que opciones existen,Definitivamente,Muy Dispuesto,Precio accesible;Aumente mis ingresos;Facilidad de uso,Mejoraría las ventas diarias porque depende de hojas de cálculo para ahorrar tiempo.,1,7.5,5,3,4,4,87.78,Muy alta,Listo para vender
2026/08/14 1:00:04 p.m. CST,Muy Bajo,Entre 5 y 10 horas a la semana,"En libretas, folders o agendas físicas",4,Dispuesto,Desconocimiento sobre que opciones existen,Definitivamente,Muy Dispuesto,Precio accesible,Mejoraría las solicitudes internas porque no tiene responsables claros para aumentar la productividad.,1,7.5,4,3,4,4,83.61,Muy alta,Listo para vender
2026/08/14 1:00:05 p.m. CST,Muy Bajo,Entre 5 y 10 horas a la semana,"En libretas, folders o agendas físicas",5,Dispuesto,Desconocimiento sobre que opciones existen,Definitivamente,Muy Dispuesto,Automatice mi negocio,Mejoraría el control de gastos porque dificulta dar seguimiento para tomar decisiones con datos.,1,7.5,5,3,4,4,87.78,Muy alta,Listo para vender
2026/08/14 1:00:05 p.m. CST,Muy Bajo,Entre 5 y 10 horas a la semana,"En libretas, folders o agendas físicas",4,Dispuesto,Desconocimiento sobre que opciones existen,Definitivamente,Muy Dispuesto,Aumente mis ingresos,Mejoraría las ventas diarias porque produce retrasos para ahorrar tiempo.,1,7.5,4,3,4,4,83.61,Muy alta,Listo para vender
2026/08/14 1:00:05 p.m. CST,Muy Bajo,Entre 5 y 10 horas a la semana,"En libretas, folders o agendas físicas",5,Dispuesto,Desconocimiento sobre que opciones existen,Definitivamente,Muy Dispuesto,Automatice mi negocio;Precio accesible;Aumente mis ingresos;Facilidad de uso,Mejoraría el inventario porque no deja ver el estado real para aumentar la productividad.,1,7.5,5,3,4,4,87.78,Muy alta,Listo para vender
2026/08/14 1:00:06 p.m. CST,Muy Bajo,Entre 5 y 10 horas a la semana,"En libretas, folders o agendas físicas",3,Dispuesto,Desconocimiento sobre que opciones existen,Definitivamente,Muy Dispuesto,Automatice mi negocio;Precio accesible;Aumente mis ingresos;Facilidad de uso,Mejoraría las compras porque se pierde información para aumentar la productividad.,1,7.5,3,3,4,4,79.44,Muy alta,Educar y nutrir
2026/08/14 1:00:06 p.m. CST,Muy Bajo,Entre 5 y 10 horas a la semana,"En libretas, folders o agendas físicas",5,Dispuesto,Desconocimiento sobre que opciones existen,Definitivamente,Muy Dispuesto,Automatice mi negocio;Precio accesible;Aumente mis ingresos;Facilidad de uso,Mejoraría el inventario porque no deja ver el estado real para responder más rápido.,1,7.5,5,3,4,4,87.78,Muy alta,Listo para vender
2026/08/14 1:00:06 p.m. CST,Muy Bajo,Entre 5 y 10 horas a la semana,"En libretas, folders o agendas físicas",3,Dispuesto,Desconocimiento sobre que opciones existen,Definitivamente,Muy Dispuesto,Precio accesible;Aumente mis ingresos,Mejoraría los turnos del equipo porque causa olvidos para ordenar el trabajo.,1,7.5,3,3,4,4,79.44,Muy alta,Educar y nutrir
2026/08/14 1:00:06 p.m. CST,Muy Bajo,Entre 5 y 10 horas a la semana,"En libretas, folders o agendas físicas",3,Dispuesto,Desconocimiento sobre que opciones existen,Definitivamente,Muy Dispuesto,Automatice mi negocio;Precio accesible;Aumente mis ingresos;Facilidad de uso,Mejoraría las tareas recurrentes porque depende de hojas de cálculo para controlar mejor los costos.,1,7.5,3,3,4,4,79.44,Muy alta,Educar y nutrir
2026/08/14 1:00:06 p.m. CST,Muy Bajo,Entre 5 y 10 horas a la semana,"En libretas, folders o agendas físicas",5,Dispuesto,Desconocimiento sobre que opciones existen,Definitivamente,Muy Dispuesto,Automatice mi negocio;Precio accesible;Facilidad de uso,Mejoraría las órdenes de trabajo porque impide medir resultados para reducir errores.,1,7.5,5,3,4,4,87.78,Muy alta,Listo para vender
2026/08/14 1:00:07 p.m. CST,Muy Bajo,Entre 5 y 10 horas a la semana,"En libretas, folders o agendas físicas",4,Dispuesto,Desconocimiento sobre que opciones existen,Definitivamente,Muy Dispuesto,Automatice mi negocio;Precio accesible,Mejoraría las compras porque provoca errores para ahorrar tiempo.,1,7.5,4,3,4,4,83.61,Muy alta,Listo para vender
2026/08/14 1:00:07 p.m. CST,Muy Bajo,Entre 5 y 10 horas a la semana,"En libretas, folders o agendas físicas",4,Dispuesto,Desconocimiento sobre que opciones existen,Definitivamente,Muy Dispuesto,Automatice mi negocio;Precio accesible;Aumente mis ingresos;Facilidad de uso,Mejoraría la atención de consultas porque causa olvidos para tener información centralizada.,1,7.5,4,3,4,4,83.61,Muy alta,Listo para vender
2026/08/14 1:00:08 p.m. CST,Muy Bajo,Entre 5 y 10 horas a la semana,"En libretas, folders o agendas físicas",3,Dispuesto,Desconocimiento sobre que opciones existen,Definitivamente,Muy Dispuesto,Automatice mi negocio,Mejoraría los pagos pendientes porque se actualiza tarde para controlar mejor los costos.,1,7.5,3,3,4,4,79.44,Muy alta,Educar y nutrir
2026/08/14 1:00:08 p.m. CST,Muy Bajo,Entre 5 y 10 horas a la semana,"En libretas, folders o agendas físicas",3,Dispuesto,Desconocimiento sobre que opciones existen,Definitivamente,Muy Dispuesto,Automatice mi negocio,Mejoraría las ventas diarias porque dificulta dar seguimiento para evitar tareas repetidas.,1,7.5,3,3,4,4,79.44,Muy alta,Educar y nutrir
2026/08/14 1:00:09 p.m. CST,Muy Bajo,Entre 5 y 10 horas a la semana,"En libretas, folders o agendas físicas",5,Dispuesto,Desconocimiento sobre que opciones existen,Definitivamente,Muy Dispuesto,Precio accesible;Facilidad de uso,Mejoraría el control de gastos porque quita tiempo al equipo para mejorar el servicio.,1,7.5,5,3,4,4,87.78,Muy alta,Listo para vender
2026/08/14 1:00:10 p.m. CST,Muy Bajo,Entre 5 y 10 horas a la semana,"En libretas, folders o agendas físicas",5,Dispuesto,Desconocimiento sobre que opciones existen,Definitivamente,Muy Dispuesto,Automatice mi negocio;Precio accesible;Aumente mis ingresos;Facilidad de uso,Mejoraría el seguimiento de clientes porque se actualiza tarde para reducir errores.,1,7.5,5,3,4,4,87.78,Muy alta,Listo para vender
2026/08/14 1:00:10 p.m. CST,Muy Bajo,Entre 5 y 10 horas a la semana,"En libretas, folders o agendas físicas",3,Dispuesto,Desconocimiento sobre que opciones existen,Definitivamente,Muy Dispuesto,Precio accesible;Facilidad de uso,Mejoraría la planificación semanal porque causa olvidos para reducir errores.,1,7.5,3,3,4,4,79.44,Muy alta,Educar y nutrir
2026/08/14 1:00:10 p.m. CST,Muy Bajo,Entre 5 y 10 horas a la semana,"En libretas, folders o agendas físicas",5,Dispuesto,Desconocimiento sobre que opciones existen,Definitivamente,Muy Dispuesto,Automatice mi negocio;Precio accesible;Aumente mis ingresos;Facilidad de uso,Mejoraría los reportes porque limita el crecimiento para evitar tareas repetidas.,1,7.5,5,3,4,4,87.78,Muy alta,Listo para vender
2026/08/14 1:00:10 p.m. CST,Muy Bajo,Entre 5 y 10 horas a la semana,"En libretas, folders o agendas físicas",3,Dispuesto,Desconocimiento sobre que opciones existen,Definitivamente,Muy Dispuesto,Automatice mi negocio;Aumente mis ingresos;Facilidad de uso,Mejoraría la agenda de citas porque se pierde información para tomar decisiones con datos.,1,7.5,3,3,4,4,79.44,Muy alta,Educar y nutrir
2026/08/14 1:00:10 p.m. CST,Muy Bajo,Entre 5 y 10 horas a la semana,"En libretas, folders o agendas físicas",3,Dispuesto,Desconocimiento sobre que opciones existen,Definitivamente,Muy Dispuesto,Facilidad de uso,Mejoraría los contratos porque dificulta dar seguimiento para reducir errores.,1,7.5,3,3,4,4,79.44,Muy alta,Educar y nutrir
2026/08/14 1:00:12 p.m. CST,Muy Bajo,Entre 5 y 10 horas a la semana,"En libretas, folders o agendas físicas",3,Dispuesto,Desconocimiento sobre que opciones existen,Definitivamente,Muy Dispuesto,Automatice mi negocio;Precio accesible;Aumente mis ingresos;Facilidad de uso,Mejoraría los pedidos porque no tiene alertas para responder más rápido.,1,7.5,3,3,4,4,79.44,Muy alta,Educar y nutrir
2026/08/14 1:00:12 p.m. CST,Muy Bajo,Entre 5 y 10 horas a la semana,"En libretas, folders o agendas físicas",5,Dispuesto,Desconocimiento sobre que opciones existen,Definitivamente,Muy Dispuesto,Precio accesible;Aumente mis ingresos,Mejoraría el seguimiento de garantías porque se pierde información para tomar decisiones con datos.,1,7.5,5,3,4,4,87.78,Muy alta,Listo para vender
2026/08/14 1:00:13 p.m. CST,Muy Bajo,Entre 5 y 10 horas a la semana,"En libretas, folders o agendas físicas",3,Dispuesto,Desconocimiento sobre que opciones existen,Definitivamente,Muy Dispuesto,Facilidad de uso,Mejoraría las facturas porque causa olvidos para controlar mejor los costos.,1,7.5,3,3,4,4,79.44,Muy alta,Educar y nutrir
2026/08/14 1:00:14 p.m. CST,Muy Bajo,Entre 5 y 10 horas a la semana,"En libretas, folders o agendas físicas",4,Dispuesto,Desconocimiento sobre que opciones existen,Definitivamente,Muy Dispuesto,Automatice mi negocio;Precio accesible;Aumente mis ingresos;Facilidad de uso,Mejoraría el control de gastos porque limita el crecimiento para ordenar el trabajo.,1,7.5,4,3,4,4,83.61,Muy alta,Listo para vender
2026/08/14 1:00:14 p.m. CST,Muy Bajo,Entre 5 y 10 horas a la semana,"En libretas, folders o agendas físicas",5,Dispuesto,Desconocimiento sobre que opciones existen,Definitivamente,Muy Dispuesto,Precio accesible;Facilidad de uso,Mejoraría el inventario porque se pierde información para controlar mejor los costos.,1,7.5,5,3,4,4,87.78,Muy alta,Listo para vender
2026/08/14 1:00:14 p.m. CST,Muy Bajo,Entre 5 y 10 horas a la semana,"En libretas, folders o agendas físicas",5,Dispuesto,Desconocimiento sobre que opciones existen,Definitivamente,Muy Dispuesto,Precio accesible;Aumente mis ingresos;Facilidad de uso,Mejoraría el archivo de documentos porque se actualiza tarde para mejorar el servicio.,1,7.5,5,3,4,4,87.78,Muy alta,Listo para vender
2026/08/14 1:00:15 p.m. CST,Muy Bajo,Entre 5 y 10 horas a la semana,"En libretas, folders o agendas físicas",5,Dispuesto,Desconocimiento sobre que opciones existen,Definitivamente,Muy Dispuesto,Precio accesible;Aumente mis ingresos,Mejoraría el control de caja porque dificulta dar seguimiento para controlar mejor los costos.,1,7.5,5,3,4,4,87.78,Muy alta,Listo para vender
2026/08/14 1:00:15 p.m. CST,Muy Bajo,Entre 5 y 10 horas a la semana,"En libretas, folders o agendas físicas",5,Dispuesto,Desconocimiento sobre que opciones existen,Definitivamente,Muy Dispuesto,Aumente mis ingresos,Mejoraría el archivo de documentos porque produce retrasos para evitar tareas repetidas.,1,7.5,5,3,4,4,87.78,Muy alta,Listo para vender
2026/08/14 1:00:15 p.m. CST,Muy Bajo,Entre 5 y 10 horas a la semana,"En libretas, folders o agendas físicas",5,Dispuesto,Desconocimiento sobre que opciones existen,Definitivamente,Muy Dispuesto,Precio accesible,Mejoraría las órdenes de trabajo porque produce retrasos para tener información centralizada.,1,7.5,5,3,4,4,87.78,Muy alta,Listo para vender
2026/08/14 1:00:15 p.m. CST,Muy Bajo,Entre 5 y 10 horas a la semana,"En libretas, folders o agendas físicas",4,Dispuesto,Desconocimiento sobre que opciones existen,Definitivamente,Muy Dispuesto,Automatice mi negocio;Precio accesible;Aumente mis ingresos;Facilidad de uso,Mejoraría los contratos porque no deja ver el estado real para evitar tareas repetidas.,1,7.5,4,3,4,4,83.61,Muy alta,Listo para vender
2026/08/14 1:00:15 p.m. CST,Muy Bajo,Entre 5 y 10 horas a la semana,"En libretas, folders o agendas físicas",3,Dispuesto,Desconocimiento sobre que opciones existen,Definitivamente,Muy Dispuesto,Automatice mi negocio;Precio accesible;Aumente mis ingresos;Facilidad de uso,Mejoraría el control de caja porque produce retrasos para ordenar el trabajo.,1,7.5,3,3,4,4,79.44,Muy alta,Educar y nutrir
2026/08/14 1:00:16 p.m. CST,Muy Bajo,Entre 5 y 10 horas a la semana,"En libretas, folders o agendas físicas",3,Dispuesto,Desconocimiento sobre que opciones existen,Definitivamente,Muy Dispuesto,Automatice mi negocio;Precio accesible;Aumente mis ingresos;Facilidad de uso,Mejoraría los pedidos porque no deja ver el estado real para responder más rápido.,1,7.5,3,3,4,4,79.44,Muy alta,Educar y nutrir
2026/08/14 1:00:17 p.m. CST,Muy Bajo,Entre 5 y 10 horas a la semana,"En libretas, folders o agendas físicas",5,Dispuesto,Desconocimiento sobre que opciones existen,Definitivamente,Muy Dispuesto,Automatice mi negocio,Mejoraría el archivo de documentos porque retrasa las decisiones para ahorrar tiempo.,1,7.5,5,3,4,4,87.78,Muy alta,Listo para vender
2026/08/14 1:00:17 p.m. CST,Muy Bajo,Entre 5 y 10 horas a la semana,"En libretas, folders o agendas físicas",4,Dispuesto,Desconocimiento sobre que opciones existen,Definitivamente,Muy Dispuesto,Aumente mis ingresos,Mejoraría los pedidos porque produce retrasos para responder más rápido.,1,7.5,4,3,4,4,83.61,Muy alta,Listo para vender
2026/08/14 1:00:17 p.m. CST,Muy Bajo,Entre 5 y 10 horas a la semana,"En libretas, folders o agendas físicas",3,Dispuesto,Desconocimiento sobre que opciones existen,Definitivamente,Muy Dispuesto,Automatice mi negocio;Facilidad de uso,Mejoraría los contratos porque no tiene alertas para mejorar el servicio.,1,7.5,3,3,4,4,79.44,Muy alta,Educar y nutrir
2026/08/14 1:00:18 p.m. CST,Muy Bajo,Entre 5 y 10 horas a la semana,"En libretas, folders o agendas físicas",4,Dispuesto,Desconocimiento sobre que opciones existen,Definitivamente,Muy Dispuesto,Automatice mi negocio;Precio accesible;Aumente mis ingresos,Mejoraría los pedidos porque causa olvidos para ahorrar tiempo.,1,7.5,4,3,4,4,83.61,Muy alta,Listo para vender
2026/08/14 1:00:18 p.m. CST,Muy Bajo,Entre 5 y 10 horas a la semana,"En libretas, folders o agendas físicas",3,Dispuesto,Desconocimiento sobre que opciones existen,Definitivamente,Muy Dispuesto,Precio accesible,Mejoraría los reportes porque se maneja de forma dispersa para ahorrar tiempo.,1,7.5,3,3,4,4,79.44,Muy alta,Educar y nutrir
2026/08/14 1:00:18 p.m. CST,Muy Bajo,Entre 5 y 10 horas a la semana,"En libretas, folders o agendas físicas",5,Dispuesto,Desconocimiento sobre que opciones existen,Definitivamente,Muy Dispuesto,Automatice mi negocio;Aumente mis ingresos;Facilidad de uso,Mejoraría las órdenes de trabajo porque genera duplicados para ordenar el trabajo.,1,7.5,5,3,4,4,87.78,Muy alta,Listo para vender
2026/08/14 1:00:19 p.m. CST,Muy Bajo,Entre 5 y 10 horas a la semana,"En libretas, folders o agendas físicas",3,Dispuesto,Desconocimiento sobre que opciones existen,Definitivamente,Muy Dispuesto,Automatice mi negocio;Precio accesible;Facilidad de uso,Mejoraría el seguimiento de clientes porque provoca errores para evitar tareas repetidas.,1,7.5,3,3,4,4,79.44,Muy alta,Educar y nutrir
2026/08/14 1:00:19 p.m. CST,Muy Bajo,Entre 5 y 10 horas a la semana,"En libretas, folders o agendas físicas",4,Dispuesto,Desconocimiento sobre que opciones existen,Definitivamente,Muy Dispuesto,Aumente mis ingresos;Facilidad de uso,Mejoraría las entregas porque produce retrasos para evitar tareas repetidas.,1,7.5,4,3,4,4,83.61,Muy alta,Listo para vender
2026/08/14 1:00:20 p.m. CST,Muy Bajo,Entre 5 y 10 horas a la semana,"En libretas, folders o agendas físicas",5,Dispuesto,Desconocimiento sobre que opciones existen,Definitivamente,Muy Dispuesto,Automatice mi negocio;Precio accesible;Aumente mis ingresos;Facilidad de uso,Mejoraría las tareas recurrentes porque limita el crecimiento para ahorrar tiempo.,1,7.5,5,3,4,4,87.78,Muy alta,Listo para vender
2026/08/14 1:00:21 p.m. CST,Muy Bajo,Entre 5 y 10 horas a la semana,"En libretas, folders o agendas físicas",5,Dispuesto,Desconocimiento sobre que opciones existen,Definitivamente,Muy Dispuesto,Precio accesible;Aumente mis ingresos,Mejoraría las órdenes de trabajo porque complica la coordinación para tener información centralizada.,1,7.5,5,3,4,4,87.78,Muy alta,Listo para vender
2026/08/14 1:00:21 p.m. CST,Muy Bajo,Entre 5 y 10 horas a la semana,"En libretas, folders o agendas físicas",4,Dispuesto,Desconocimiento sobre que opciones existen,Definitivamente,Muy Dispuesto,Aumente mis ingresos,Mejoraría las solicitudes internas porque quita tiempo al equipo para ordenar el trabajo.,1,7.5,4,3,4,4,83.61,Muy alta,Listo para vender
2026/08/14 1:00:22 p.m. CST,Muy Bajo,Entre 5 y 10 horas a la semana,"En libretas, folders o agendas físicas",4,Dispuesto,Desconocimiento sobre que opciones existen,Definitivamente,Muy Dispuesto,Aumente mis ingresos;Facilidad de uso,Mejoraría los indicadores porque provoca errores para ahorrar tiempo.,1,7.5,4,3,4,4,83.61,Muy alta,Listo para vender
2026/08/14 1:00:22 p.m. CST,Muy Bajo,Entre 5 y 10 horas a la semana,"En libretas, folders o agendas físicas",3,Dispuesto,Desconocimiento sobre que opciones existen,Definitivamente,Muy Dispuesto,Precio accesible;Aumente mis ingresos;Facilidad de uso,Mejoraría el seguimiento de clientes porque impide medir resultados para responder más rápido.,1,7.5,3,3,4,4,79.44,Muy alta,Educar y nutrir
2026/08/14 1:00:23 p.m. CST,Muy Bajo,Entre 5 y 10 horas a la semana,"En libretas, folders o agendas físicas",4,Dispuesto,Desconocimiento sobre que opciones existen,Definitivamente,Muy Dispuesto,Facilidad de uso,Mejoraría la agenda de citas porque no tiene alertas para tomar decisiones con datos.,1,7.5,4,3,4,4,83.61,Muy alta,Listo para vender
2026/08/14 1:00:23 p.m. CST,Muy Bajo,Entre 5 y 10 horas a la semana,"En libretas, folders o agendas físicas",4,Dispuesto,Desconocimiento sobre que opciones existen,Definitivamente,Muy Dispuesto,Automatice mi negocio;Precio accesible;Aumente mis ingresos;Facilidad de uso,Mejoraría la comunicación con clientes porque complica la coordinación para ordenar el trabajo.,1,7.5,4,3,4,4,83.61,Muy alta,Listo para vender
2026/08/14 1:00:23 p.m. CST,Muy Bajo,Entre 5 y 10 horas a la semana,"En libretas, folders o agendas físicas",5,Dispuesto,Desconocimiento sobre que opciones existen,Definitivamente,Muy Dispuesto,Automatice mi negocio;Aumente mis ingresos;Facilidad de uso,Mejoraría el control de caja porque se pierde información para tener información centralizada.,1,7.5,5,3,4,4,87.78,Muy alta,Listo para vender
2026/08/14 1:00:23 p.m. CST,Alto,"No se pierde el tiempo, todo está perfectamente optimizado",En archivos de excel u otro programa de hojas de calculo,2,Indispuesto,El costo del servicio,Para nada,Indiferente,Precio accesible,Mejoraría los pagos pendientes porque provoca errores para tomar decisiones con datos.,4,0,2,1,1,2,9.72,Baja,Baja prioridad
2026/08/14 1:00:23 p.m. CST,Muy Bajo,Entre 5 y 10 horas a la semana,"En libretas, folders o agendas físicas",5,Dispuesto,Desconocimiento sobre que opciones existen,Definitivamente,Muy Dispuesto,Aumente mis ingresos,Mejoraría las ventas diarias porque complica la coordinación para tomar decisiones con datos.,1,7.5,5,3,4,4,87.78,Muy alta,Listo para vender
2026/08/14 1:00:24 p.m. CST,Muy Bajo,Entre 5 y 10 horas a la semana,"En libretas, folders o agendas físicas",4,Dispuesto,Desconocimiento sobre que opciones existen,Definitivamente,Muy Dispuesto,Automatice mi negocio;Precio accesible;Aumente mis ingresos;Facilidad de uso,Mejoraría los pedidos porque se actualiza tarde para responder más rápido.,1,7.5,4,3,4,4,83.61,Muy alta,Listo para vender
2026/08/14 1:00:24 p.m. CST,Medio,"No se pierde el tiempo, todo está perfectamente optimizado",En archivos de excel u otro programa de hojas de calculo,2,Indispuesto,No lo considero necesario,Para nada,Indispuesto,Automatice mi negocio,Mejoraría el seguimiento de garantías porque no deja ver el estado real para tener información centralizada.,3,0,2,1,1,1,9.72,Baja,Baja prioridad
2026/08/14 1:00:24 p.m. CST,Muy Bajo,Entre 5 y 10 horas a la semana,"En libretas, folders o agendas físicas",5,Dispuesto,Desconocimiento sobre que opciones existen,Definitivamente,Muy Dispuesto,Automatice mi negocio;Precio accesible;Facilidad de uso,Mejoraría los turnos del equipo porque produce retrasos para ordenar el trabajo.,1,7.5,5,3,4,4,87.78,Muy alta,Listo para vender
2026/08/14 1:00:24 p.m. CST,Alto,"No se pierde el tiempo, todo está perfectamente optimizado",En un software especializado en la nube,2,Indiferente,falta de tiempo para implementar o aprender una nueva herramienta,Inseguro,Indiferente,Automatice mi negocio,Mejoraría los pagos pendientes porque causa olvidos para aumentar la productividad.,4,0,2,2,2,2,20.83,Baja,Interes medio / diagnostico
2026/08/14 1:00:25 p.m. CST,Alto,Menos de 5 horas a la semana,En un software especializado en la nube,3,Indispuesto,El costo del servicio,Interesado,Dispuesto,Automatice mi negocio;Aumente mis ingresos,Mejoraría el seguimiento de clientes porque limita el crecimiento para ahorrar tiempo.,4,2.5,3,1,3,3,33.89,Baja,Interes medio / diagnostico
2026/08/14 1:00:26 p.m. CST,Alto,Menos de 5 horas a la semana,En un software especializado en la nube,2,Muy Dispuesto,No lo considero necesario,Para nada,Indispuesto,Automatice mi negocio;Precio accesible;Aumente mis ingresos;Facilidad de uso,Mejoraría el control de gastos porque no tiene alertas para ahorrar tiempo.,4,2.5,2,4,1,1,24.17,Baja,Baja prioridad
2026/08/14 1:00:27 p.m. CST,Alto,Menos de 5 horas a la semana,En un software especializado en la nube,5,Muy Dispuesto,No lo considero necesario,Interesado,Dispuesto,Precio accesible,Mejoraría los pedidos porque se maneja de forma dispersa para tomar decisiones con datos.,4,2.5,5,4,3,3,58.89,Media,Listo para vender
2026/08/14 1:00:27 p.m. CST,Alto,Mas de 10 horas a la semana,En archivos de excel u otro programa de hojas de calculo,3,Indiferente,No lo considero necesario,Inseguro,Dispuesto,Automatice mi negocio;Precio accesible;Aumente mis ingresos;Facilidad de uso,Mejoraría los indicadores porque limita el crecimiento para ordenar el trabajo.,4,12.5,3,2,2,3,47.22,Media,Baja prioridad
2026/08/14 1:00:27 p.m. CST,Bajo,"No se pierde el tiempo, todo está perfectamente optimizado",En archivos de excel u otro programa de hojas de calculo,3,Indiferente,falta de tiempo para implementar o aprender una nueva herramienta,Inseguro,Dispuesto,Precio accesible;Aumente mis ingresos;Facilidad de uso,Mejoraría los reportes porque se pierde información para tener información centralizada.,2,0,3,2,2,3,41.67,Media,Interes medio / diagnostico
2026/08/14 1:00:27 p.m. CST,Alto,"No se pierde el tiempo, todo está perfectamente optimizado",En un software especializado en la nube,5,Muy Dispuesto,El costo del servicio,Para nada,Indispuesto,Automatice mi negocio;Precio accesible;Aumente mis ingresos;Facilidad de uso,Mejoraría los contratos porque limita el crecimiento para mejorar el servicio.,4,0,5,4,1,1,33.33,Baja,Sensible al precio
2026/08/14 1:00:28 p.m. CST,Alto,Mas de 10 horas a la semana,En archivos de excel u otro programa de hojas de calculo,3,Muy Dispuesto,falta de tiempo para implementar o aprender una nueva herramienta,Inseguro,Indispuesto,Precio accesible;Aumente mis ingresos;Facilidad de uso,Mejoraría las ventas diarias porque requiere mucho trabajo manual para evitar tareas repetidas.,4,12.5,3,4,2,1,47.22,Media,Interes medio / diagnostico
2026/08/14 1:00:28 p.m. CST,Alto,"No se pierde el tiempo, todo está perfectamente optimizado",En un software especializado en la nube,5,Indiferente,No lo considero necesario,Interesado,Indispuesto,Automatice mi negocio;Precio accesible;Aumente mis ingresos;Facilidad de uso,Mejoraría los indicadores porque hace difícil encontrar datos para ahorrar tiempo.,4,0,5,2,3,1,33.33,Baja,Baja prioridad
2026/08/14 1:00:28 p.m. CST,Medio,Mas de 10 horas a la semana,En un software especializado en la nube,5,Muy Dispuesto,El costo del servicio,Para nada,Indispuesto,Precio accesible;Aumente mis ingresos;Facilidad de uso,Mejoraría los contratos porque limita el crecimiento para tomar decisiones con datos.,3,12.5,5,4,1,1,55.56,Media,Sensible al precio
2026/08/14 1:00:29 p.m. CST,Alto,Menos de 5 horas a la semana,En archivos de excel u otro programa de hojas de calculo,3,Indispuesto,No lo considero necesario,Para nada,Indispuesto,Aumente mis ingresos,Mejoraría los reportes porque quita tiempo al equipo para controlar mejor los costos.,4,2.5,3,1,1,1,11.67,Baja,Baja prioridad
2026/08/14 1:00:30 p.m. CST,Medio,"No se pierde el tiempo, todo está perfectamente optimizado",En un software especializado en la nube,3,Indispuesto,El costo del servicio,Para nada,Dispuesto,Precio accesible;Aumente mis ingresos,Mejoraría los reportes porque requiere revisar varios archivos para tener información centralizada.,3,0,3,1,1,3,25.0,Baja,Baja prioridad
2026/08/14 1:00:30 p.m. CST,Medio,"No se pierde el tiempo, todo está perfectamente optimizado",En un software especializado en la nube,2,Muy Dispuesto,falta de tiempo para implementar o aprender una nueva herramienta,Interesado,Indispuesto,Automatice mi negocio;Precio accesible;Aumente mis ingresos;Facilidad de uso,Mejoraría los reportes porque impide medir resultados para ordenar el trabajo.,3,0,2,4,3,1,37.5,Baja,Interes medio / diagnostico
2026/08/14 1:00:31 p.m. CST,Medio,Menos de 5 horas a la semana,En un software especializado en la nube,3,Indiferente,El costo del servicio,Interesado,Indiferente,Automatice mi negocio;Precio accesible;Aumente mis ingresos,Mejoraría las solicitudes internas porque no tiene responsables claros para tomar decisiones con datos.,3,2.5,3,2,3,2,39.44,Baja,Sensible al precio
2026/08/14 1:00:31 p.m. CST,Bajo,"No se pierde el tiempo, todo está perfectamente optimizado",En un software especializado en la nube,2,Indiferente,El costo del servicio,Interesado,Indispuesto,Automatice mi negocio;Precio accesible;Aumente mis ingresos;Facilidad de uso,Mejoraría los pagos pendientes porque depende de hojas de cálculo para mejorar el servicio.,2,0,2,2,3,1,31.94,Baja,Sensible al precio
2026/08/14 1:00:31 p.m. CST,Medio,"No se pierde el tiempo, todo está perfectamente optimizado",En archivos de excel u otro programa de hojas de calculo,3,Indiferente,falta de tiempo para implementar o aprender una nueva herramienta,Inseguro,Indiferente,Automatice mi negocio;Precio accesible,Mejoraría el archivo de documentos porque requiere mucho trabajo manual para ordenar el trabajo.,3,0,3,2,2,2,30.56,Baja,Interes medio / diagnostico
2026/08/14 1:00:31 p.m. CST,Medio,"No se pierde el tiempo, todo está perfectamente optimizado",En archivos de excel u otro programa de hojas de calculo,1,Muy Dispuesto,No lo considero necesario,Para nada,Indispuesto,Aumente mis ingresos,Mejoraría las facturas porque impide medir resultados para tomar decisiones con datos.,3,0,1,4,1,1,22.22,Baja,Baja prioridad
2026/08/14 1:00:32 p.m. CST,Bajo,Menos de 5 horas a la semana,En archivos de excel u otro programa de hojas de calculo,3,Indiferente,El costo del servicio,Inseguro,Indispuesto,Precio accesible,Mejoraría el inventario porque requiere revisar varios archivos para responder más rápido.,2,2.5,3,2,2,1,33.89,Baja,Sensible al precio
2026/08/14 1:00:32 p.m. CST,Alto,"No se pierde el tiempo, todo está perfectamente optimizado",En un software especializado en la nube,5,Muy Dispuesto,El costo del servicio,Interesado,Indispuesto,Automatice mi negocio;Precio accesible;Aumente mis ingresos;Facilidad de uso,Mejoraría la planificación semanal porque retrasa las decisiones para tomar decisiones con datos.,4,0,5,4,3,1,44.44,Media,Sensible al precio
2026/08/14 1:00:32 p.m. CST,Bajo,Mas de 10 horas a la semana,En archivos de excel u otro programa de hojas de calculo,2,Indiferente,No lo considero necesario,Para nada,Indiferente,Automatice mi negocio;Facilidad de uso,Mejoraría el seguimiento de garantías porque genera duplicados para ordenar el trabajo.,2,12.5,2,2,1,2,43.06,Media,Baja prioridad
2026/08/14 1:00:32 p.m. CST,Medio,"No se pierde el tiempo, todo está perfectamente optimizado",En un software especializado en la nube,2,Indispuesto,El costo del servicio,Inseguro,Indispuesto,Automatice mi negocio;Precio accesible;Aumente mis ingresos;Facilidad de uso,Mejoraría los contratos porque se actualiza tarde para mejorar el servicio.,3,0,2,1,2,1,15.28,Baja,Interes medio / diagnostico
2026/08/14 1:00:32 p.m. CST,Alto,Mas de 10 horas a la semana,En un software especializado en la nube,3,Indiferente,El costo del servicio,Interesado,Indispuesto,Automatice mi negocio,Mejoraría las facturas porque produce retrasos para mejorar el servicio.,4,12.5,3,2,3,1,41.67,Media,Sensible al precio
2026/08/14 1:00:34 p.m. CST,Bajo,Menos de 5 horas a la semana,En archivos de excel u otro programa de hojas de calculo,2,Indiferente,No lo considero necesario,Inseguro,Indiferente,Aumente mis ingresos,Mejoraría el seguimiento de garantías porque genera duplicados para ordenar el trabajo.,2,2.5,2,2,2,2,35.28,Baja,Baja prioridad
2026/08/14 1:00:34 p.m. CST,Alto,Menos de 5 horas a la semana,En archivos de excel u otro programa de hojas de calculo,5,Indispuesto,No lo considero necesario,Interesado,Dispuesto,Precio accesible;Aumente mis ingresos;Facilidad de uso,Mejoraría la planificación semanal porque depende de hojas de cálculo para evitar tareas repetidas.,4,2.5,5,1,3,3,42.22,Media,Baja prioridad
2026/08/14 1:00:34 p.m. CST,Medio,Mas de 10 horas a la semana,En un software especializado en la nube,2,Indiferente,El costo del servicio,Para nada,Indiferente,Precio accesible;Aumente mis ingresos;Facilidad de uso,Mejoraría la atención de consultas porque produce retrasos para tener información centralizada.,3,12.5,2,2,1,2,37.5,Baja,Sensible al precio
2026/08/14 1:00:36 p.m. CST,Bajo,Menos de 5 horas a la semana,En archivos de excel u otro programa de hojas de calculo,5,Indiferente,falta de tiempo para implementar o aprender una nueva herramienta,Para nada,Indispuesto,Automatice mi negocio;Precio accesible;Aumente mis ingresos;Facilidad de uso,Mejoraría el inventario porque se actualiza tarde para reducir errores.,2,2.5,5,2,1,1,36.67,Baja,Interes medio / diagnostico
2026/08/14 1:00:36 p.m. CST,Medio,Menos de 5 horas a la semana,En archivos de excel u otro programa de hojas de calculo,3,Muy Dispuesto,No lo considero necesario,Inseguro,Dispuesto,Precio accesible;Aumente mis ingresos,Mejoraría las entregas porque requiere revisar varios archivos para controlar mejor los costos.,3,2.5,3,4,2,3,50.56,Media,Baja prioridad
2026/08/14 1:00:36 p.m. CST,Bajo,"No se pierde el tiempo, todo está perfectamente optimizado",En archivos de excel u otro programa de hojas de calculo,3,Indispuesto,El costo del servicio,Interesado,Indispuesto,Precio accesible;Aumente mis ingresos;Facilidad de uso,Mejoraría la atención de consultas porque impide medir resultados para evitar tareas repetidas.,2,0,3,1,3,1,30.56,Baja,Interes medio / diagnostico
2026/08/14 1:00:36 p.m. CST,Medio,Menos de 5 horas a la semana,En archivos de excel u otro programa de hojas de calculo,2,Indispuesto,No lo considero necesario,Para nada,Indiferente,Aumente mis ingresos;Facilidad de uso,Mejoraría las compras porque causa olvidos para evitar tareas repetidas.,3,2.5,2,1,1,2,18.61,Baja,Baja prioridad
2026/08/14 1:00:36 p.m. CST,Bajo,Menos de 5 horas a la semana,En un software especializado en la nube,2,Muy Dispuesto,El costo del servicio,Interesado,Dispuesto,Precio accesible,Mejoraría las solicitudes internas porque se pierde información para aumentar la productividad.,2,2.5,2,4,3,3,57.5,Media,Sensible al precio
2026/08/14 1:00:37 p.m. CST,Alto,"No se pierde el tiempo, todo está perfectamente optimizado",En archivos de excel u otro programa de hojas de calculo,5,Indiferente,No lo considero necesario,Interesado,Dispuesto,Automatice mi negocio;Precio accesible;Aumente mis ingresos,Mejoraría el registro de proveedores porque impide medir resultados para aumentar la productividad.,4,0,5,2,3,3,44.44,Media,Baja prioridad
2026/08/14 1:00:37 p.m. CST,Alto,"No se pierde el tiempo, todo está perfectamente optimizado",En archivos de excel u otro programa de hojas de calculo,2,Indispuesto,El costo del servicio,Inseguro,Dispuesto,Automatice mi negocio;Precio accesible;Aumente mis ingresos;Facilidad de uso,Mejoraría las órdenes de trabajo porque dificulta dar seguimiento para mejorar el servicio.,4,0,2,1,2,3,20.83,Baja,Interes medio / diagnostico
2026/08/14 1:00:37 p.m. CST,Bajo,Mas de 10 horas a la semana,En archivos de excel u otro programa de hojas de calculo,2,Muy Dispuesto,falta de tiempo para implementar o aprender una nueva herramienta,Para nada,Dispuesto,Precio accesible;Facilidad de uso,Mejoraría los indicadores porque retrasa las decisiones para evitar tareas repetidas.,2,12.5,2,4,1,3,59.72,Media,Interes medio / diagnostico
2026/08/14 1:00:39 p.m. CST,Bajo,"No se pierde el tiempo, todo está perfectamente optimizado",En un software especializado en la nube,5,Muy Dispuesto,No lo considero necesario,Para nada,Indispuesto,Automatice mi negocio,Mejoraría el registro de proveedores porque no tiene responsables claros para tomar decisiones con datos.,2,0,5,4,1,1,44.44,Media,Baja prioridad
2026/08/14 1:00:39 p.m. CST,Bajo,Menos de 5 horas a la semana,En archivos de excel u otro programa de hojas de calculo,3,Indiferente,falta de tiempo para implementar o aprender una nueva herramienta,Interesado,Indispuesto,Automatice mi negocio,Mejoraría la comunicación con clientes porque se pierde información para mejorar el servicio.,2,2.5,3,2,3,1,39.44,Baja,Interes medio / diagnostico
2026/08/14 1:00:39 p.m. CST,Bajo,"No se pierde el tiempo, todo está perfectamente optimizado",En archivos de excel u otro programa de hojas de calculo,1,Indispuesto,No lo considero necesario,Interesado,Indiferente,Precio accesible;Aumente mis ingresos;Facilidad de uso,Mejoraría el inventario porque se pierde información para tener información centralizada.,2,0,1,1,3,2,27.78,Baja,Baja prioridad
2026/08/14 1:00:40 p.m. CST,Medio,"No se pierde el tiempo, todo está perfectamente optimizado",En un software especializado en la nube,1,Indispuesto,El costo del servicio,Interesado,Dispuesto,Precio accesible,Mejoraría la planificación semanal porque hace difícil encontrar datos para evitar tareas repetidas.,3,0,1,1,3,3,27.78,Baja,Interes medio / diagnostico
2026/08/14 1:00:40 p.m. CST,Bajo,Mas de 10 horas a la semana,En un software especializado en la nube,3,Muy Dispuesto,falta de tiempo para implementar o aprender una nueva herramienta,Interesado,Indispuesto,Automatice mi negocio;Precio accesible;Facilidad de uso,Mejoraría las facturas porque provoca errores para responder más rápido.,2,12.5,3,4,3,1,63.89,Alta,Interes medio / diagnostico
2026/08/14 1:00:41 p.m. CST,Alto,Menos de 5 horas a la semana,En archivos de excel u otro programa de hojas de calculo,1,Indiferente,El costo del servicio,Para nada,Indispuesto,Precio accesible,Mejoraría los reportes porque genera duplicados para reducir errores.,4,2.5,1,2,1,1,8.89,Baja,Sensible al precio
2026/08/14 1:00:41 p.m. CST,Alto,Mas de 10 horas a la semana,En un software especializado en la nube,3,Muy Dispuesto,El costo del servicio,Interesado,Indiferente,Precio accesible;Aumente mis ingresos;Facilidad de uso,Mejoraría la planificación semanal porque no tiene responsables claros para responder más rápido.,4,12.5,3,4,3,2,58.33,Media,Sensible al precio
2026/08/14 1:00:41 p.m. CST,Medio,"No se pierde el tiempo, todo está perfectamente optimizado",En un software especializado en la nube,1,Indiferente,El costo del servicio,Inseguro,Dispuesto,Precio accesible;Aumente mis ingresos;Facilidad de uso,Mejoraría los pagos pendientes porque depende de hojas de cálculo para aumentar la productividad.,3,0,1,2,2,3,27.78,Baja,Sensible al precio
2026/08/14 1:00:41 p.m. CST,Medio,"No se pierde el tiempo, todo está perfectamente optimizado",En archivos de excel u otro programa de hojas de calculo,5,Muy Dispuesto,No lo considero necesario,Interesado,Indispuesto,Automatice mi negocio;Aumente mis ingresos;Facilidad de uso,Mejoraría los reportes porque se actualiza tarde para ordenar el trabajo.,3,0,5,4,3,1,50.0,Media,Baja prioridad
2026/08/14 1:00:42 p.m. CST,Bajo,Mas de 10 horas a la semana,En archivos de excel u otro programa de hojas de calculo,3,Indispuesto,falta de tiempo para implementar o aprender una nueva herramienta,Interesado,Indiferente,Automatice mi negocio;Precio accesible;Aumente mis ingresos;Facilidad de uso,Mejoraría las tareas recurrentes porque complica la coordinación para aumentar la productividad.,2,12.5,3,1,3,2,52.78,Media,Interes medio / diagnostico
2026/08/14 1:00:42 p.m. CST,Medio,"No se pierde el tiempo, todo está perfectamente optimizado",En archivos de excel u otro programa de hojas de calculo,5,Muy Dispuesto,falta de tiempo para implementar o aprender una nueva herramienta,Interesado,Indiferente,Automatice mi negocio,Mejoraría la agenda de citas porque complica la coordinación para ordenar el trabajo.,3,0,5,4,3,2,55.56,Media,Interes medio / diagnostico
2026/08/14 1:00:42 p.m. CST,Bajo,"No se pierde el tiempo, todo está perfectamente optimizado",En un software especializado en la nube,3,Indispuesto,El costo del servicio,Inseguro,Indispuesto,Automatice mi negocio,Mejoraría los reportes porque genera duplicados para ordenar el trabajo.,2,0,3,1,2,1,25.0,Baja,Interes medio / diagnostico
2026/08/14 1:00:44 p.m. CST,Bajo,Mas de 10 horas a la semana,En archivos de excel u otro programa de hojas de calculo,5,Indiferente,No lo considero necesario,Inseguro,Indiferente,Precio accesible;Aumente mis ingresos,Mejoraría el registro de proveedores porque se maneja de forma dispersa para mejorar el servicio.,2,12.5,5,2,2,2,61.11,Alta,Baja prioridad
2026/08/14 1:00:44 p.m. CST,Bajo,"No se pierde el tiempo, todo está perfectamente optimizado",En un software especializado en la nube,2,Indiferente,falta de tiempo para implementar o aprender una nueva herramienta,Para nada,Indispuesto,Automatice mi negocio;Aumente mis ingresos,Mejoraría los pedidos porque dificulta dar seguimiento para mejorar el servicio.,2,0,2,2,1,1,20.83,Baja,Interes medio / diagnostico
2026/08/14 1:00:44 p.m. CST,Bajo,"No se pierde el tiempo, todo está perfectamente optimizado",En archivos de excel u otro programa de hojas de calculo,5,Muy Dispuesto,No lo considero necesario,Para nada,Dispuesto,Automatice mi negocio,Mejoraría los reportes porque no tiene responsables claros para evitar tareas repetidas.,2,0,5,4,1,3,55.56,Media,Baja prioridad
2026/08/14 1:00:44 p.m. CST,Bajo,Menos de 5 horas a la semana,En archivos de excel u otro programa de hojas de calculo,5,Indispuesto,No lo considero necesario,Interesado,Indispuesto,Automatice mi negocio;Precio accesible;Facilidad de uso,Mejoraría el archivo de documentos porque no deja ver el estado real para ahorrar tiempo.,2,2.5,5,1,3,1,42.22,Media,Baja prioridad
2026/08/14 1:00:45 p.m. CST,Alto,Menos de 5 horas a la semana,En archivos de excel u otro programa de hojas de calculo,1,Indispuesto,falta de tiempo para implementar o aprender una nueva herramienta,Para nada,Indispuesto,Automatice mi negocio;Precio accesible;Aumente mis ingresos;Facilidad de uso,Mejoraría las órdenes de trabajo porque causa olvidos para tomar decisiones con datos.,4,2.5,1,1,1,1,3.33,Baja,Baja prioridad
2026/08/14 1:00:45 p.m. CST,Bajo,"No se pierde el tiempo, todo está perfectamente optimizado",En un software especializado en la nube,1,Indiferente,falta de tiempo para implementar o aprender una nueva herramienta,Interesado,Indiferente,Precio accesible,Mejoraría el seguimiento de clientes porque se maneja de forma dispersa para evitar tareas repetidas.,2,0,1,2,3,2,33.33,Baja,Interes medio / diagnostico
2026/08/14 1:00:46 p.m. CST,Bajo,Mas de 10 horas a la semana,En un software especializado en la nube,2,Indiferente,El costo del servicio,Para nada,Dispuesto,Automatice mi negocio;Precio accesible;Aumente mis ingresos;Facilidad de uso,Mejoraría la comunicación con clientes porque hace difícil encontrar datos para ordenar el trabajo.,2,12.5,2,2,1,3,48.61,Media,Sensible al precio
2026/08/14 1:00:46 p.m. CST,Alto,Mas de 10 horas a la semana,En archivos de excel u otro programa de hojas de calculo,3,Muy Dispuesto,El costo del servicio,Para nada,Indiferente,Precio accesible,Mejoraría el seguimiento de garantías porque no tiene alertas para responder más rápido.,4,12.5,3,4,1,2,47.22,Media,Sensible al precio
2026/08/14 1:00:46 p.m. CST,Alto,Menos de 5 horas a la semana,En un software especializado en la nube,1,Muy Dispuesto,No lo considero necesario,Para nada,Dispuesto,Automatice mi negocio;Precio accesible;Aumente mis ingresos,Mejoraría el seguimiento de clientes porque requiere mucho trabajo manual para responder más rápido.,4,2.5,1,4,1,3,31.11,Baja,Baja prioridad
2026/08/14 1:00:47 p.m. CST,Bajo,Mas de 10 horas a la semana,En un software especializado en la nube,3,Indispuesto,El costo del servicio,Interesado,Dispuesto,Precio accesible,Mejoraría las tareas recurrentes porque no tiene alertas para aumentar la productividad.,2,12.5,3,1,3,3,58.33,Media,Interes medio / diagnostico
2026/08/14 1:00:48 p.m. CST,Bajo,Mas de 10 horas a la semana,En un software especializado en la nube,1,Muy Dispuesto,No lo considero necesario,Interesado,Indispuesto,Automatice mi negocio;Precio accesible;Aumente mis ingresos,Mejoraría el seguimiento de garantías porque genera duplicados para controlar mejor los costos.,2,12.5,1,4,3,1,55.56,Media,Baja prioridad
2026/08/14 1:00:48 p.m. CST,Alto,"No se pierde el tiempo, todo está perfectamente optimizado",En archivos de excel u otro programa de hojas de calculo,1,Indiferente,El costo del servicio,Interesado,Dispuesto,Automatice mi negocio;Precio accesible;Aumente mis ingresos;Facilidad de uso,Mejoraría el seguimiento de garantías porque se maneja de forma dispersa para responder más rápido.,4,0,1,2,3,3,27.78,Baja,Sensible al precio
2026/08/14 1:00:48 p.m. CST,Medio,Menos de 5 horas a la semana,En archivos de excel u otro programa de hojas de calculo,3,Indiferente,falta de tiempo para implementar o aprender una nueva herramienta,Para nada,Indiferente,Automatice mi negocio;Facilidad de uso,Mejoraría el registro de proveedores porque se pierde información para tener información centralizada.,3,2.5,3,2,1,2,28.33,Baja,Interes medio / diagnostico
2026/08/14 1:00:49 p.m. CST,Bajo,Mas de 10 horas a la semana,En un software especializado en la nube,5,Indiferente,El costo del servicio,Interesado,Indiferente,Automatice mi negocio;Precio accesible;Aumente mis ingresos;Facilidad de uso,Mejoraría los turnos del equipo porque dificulta dar seguimiento para responder más rápido.,2,12.5,5,2,3,2,66.67,Alta,Sensible al precio
2026/08/14 1:00:49 p.m. CST,Medio,Mas de 10 horas a la semana,En archivos de excel u otro programa de hojas de calculo,1,Muy Dispuesto,falta de tiempo para implementar o aprender una nueva herramienta,Inseguro,Dispuesto,Automatice mi negocio;Precio accesible;Aumente mis ingresos;Facilidad de uso,Mejoraría la agenda de citas porque hace difícil encontrar datos para tener información centralizada.,3,12.5,1,4,2,3,55.56,Media,Interes medio / diagnostico
2026/08/14 1:00:49 p.m. CST,Medio,Menos de 5 horas a la semana,En un software especializado en la nube,3,Indiferente,No lo considero necesario,Interesado,Dispuesto,Facilidad de uso,Mejoraría los indicadores porque se maneja de forma dispersa para ordenar el trabajo.,3,2.5,3,2,3,3,45.0,Media,Baja prioridad
2026/08/14 1:00:50 p.m. CST,Medio,Mas de 10 horas a la semana,En un software especializado en la nube,2,Indiferente,No lo considero necesario,Inseguro,Dispuesto,Automatice mi negocio;Precio accesible;Aumente mis ingresos;Facilidad de uso,Mejoraría el seguimiento de garantías porque se pierde información para responder más rápido.,3,12.5,2,2,2,3,48.61,Media,Baja prioridad
2026/08/14 1:00:50 p.m. CST,Alto,Mas de 10 horas a la semana,En un software especializado en la nube,5,Indiferente,No lo considero necesario,Para nada,Indispuesto,Automatice mi negocio;Precio accesible;Aumente mis ingresos;Facilidad de uso,Mejoraría la planificación semanal porque no tiene responsables claros para responder más rápido.,4,12.5,5,2,1,1,38.89,Baja,Baja prioridad
2026/08/14 1:00:50 p.m. CST,Medio,Mas de 10 horas a la semana,En archivos de excel u otro programa de hojas de calculo,5,Indispuesto,No lo considero necesario,Para nada,Dispuesto,Automatice mi negocio,Mejoraría los pagos pendientes porque se maneja de forma dispersa para responder más rápido.,3,12.5,5,1,1,3,50.0,Media,Baja prioridad
2026/08/14 1:00:50 p.m. CST,Medio,"No se pierde el tiempo, todo está perfectamente optimizado",En archivos de excel u otro programa de hojas de calculo,3,Indispuesto,No lo considero necesario,Para nada,Indispuesto,Automatice mi negocio;Precio accesible;Aumente mis ingresos,Mejoraría las tareas recurrentes porque retrasa las decisiones para tomar decisiones con datos.,3,0,3,1,1,1,13.89,Baja,Baja prioridad
2026/08/14 1:00:51 p.m. CST,Alto,Mas de 10 horas a la semana,En un software especializado en la nube,3,Indispuesto,El costo del servicio,Inseguro,Indiferente,Automatice mi negocio;Aumente mis ingresos;Facilidad de uso,Mejoraría el seguimiento de garantías porque requiere mucho trabajo manual para reducir errores.,4,12.5,3,1,2,2,36.11,Baja,Interes medio / diagnostico
2026/08/14 1:00:52 p.m. CST,Bajo,Menos de 5 horas a la semana,En un software especializado en la nube,5,Muy Dispuesto,El costo del servicio,Para nada,Dispuesto,Automatice mi negocio;Precio accesible;Aumente mis ingresos;Facilidad de uso,Mejoraría el control de gastos porque retrasa las decisiones para ahorrar tiempo.,2,2.5,5,4,1,3,58.89,Media,Sensible al precio
2026/08/14 1:00:53 p.m. CST,Medio,Mas de 10 horas a la semana,En archivos de excel u otro programa de hojas de calculo,2,Muy Dispuesto,falta de tiempo para implementar o aprender una nueva herramienta,Interesado,Dispuesto,Automatice mi negocio;Precio accesible;Facilidad de uso,Mejoraría las solicitudes internas porque depende de hojas de cálculo para responder más rápido.,3,12.5,2,4,3,3,65.28,Alta,Interes medio / diagnostico
2026/08/14 1:00:53 p.m. CST,Alto,Menos de 5 horas a la semana,En archivos de excel u otro programa de hojas de calculo,1,Muy Dispuesto,El costo del servicio,Interesado,Indiferente,Automatice mi negocio;Precio accesible;Aumente mis ingresos;Facilidad de uso,Mejoraría los contratos porque depende de hojas de cálculo para tomar decisiones con datos.,4,2.5,1,4,3,2,36.67,Baja,Sensible al precio
2026/08/14 1:00:53 p.m. CST,Medio,Mas de 10 horas a la semana,En archivos de excel u otro programa de hojas de calculo,5,Indiferente,falta de tiempo para implementar o aprender una nueva herramienta,Interesado,Indiferente,Automatice mi negocio;Precio accesible;Aumente mis ingresos,Mejoraría el control de gastos porque no tiene alertas para responder más rápido.,3,12.5,5,2,3,2,61.11,Alta,Interes medio / diagnostico
2026/08/14 1:00:54 p.m. CST,Alto,Menos de 5 horas a la semana,En archivos de excel u otro programa de hojas de calculo,3,Muy Dispuesto,falta de tiempo para implementar o aprender una nueva herramienta,Interesado,Indiferente,Automatice mi negocio;Precio accesible,Mejoraría las compras porque complica la coordinación para ordenar el trabajo.,4,2.5,3,4,3,2,45.0,Media,Interes medio / diagnostico
2026/08/14 1:00:54 p.m. CST,Medio,Menos de 5 horas a la semana,En un software especializado en la nube,3,Indispuesto,falta de tiempo para implementar o aprender una nueva herramienta,Para nada,Dispuesto,Precio accesible;Facilidad de uso,Mejoraría la planificación semanal porque quita tiempo al equipo para tener información centralizada.,3,2.5,3,1,1,3,28.33,Baja,Baja prioridad
2026/08/14 1:00:54 p.m. CST,Alto,"No se pierde el tiempo, todo está perfectamente optimizado",En un software especializado en la nube,5,Indiferente,No lo considero necesario,Para nada,Dispuesto,Automatice mi negocio;Precio accesible;Aumente mis ingresos;Facilidad de uso,Mejoraría las cotizaciones porque complica la coordinación para tener información centralizada.,4,0,5,2,1,3,33.33,Baja,Baja prioridad
2026/08/14 1:00:55 p.m. CST,Medio,Mas de 10 horas a la semana,En un software especializado en la nube,5,Indiferente,No lo considero necesario,Inseguro,Indispuesto,Automatice mi negocio;Precio accesible;Facilidad de uso,Mejoraría el control de gastos porque limita el crecimiento para mejorar el servicio.,3,12.5,5,2,2,1,50.0,Media,Baja prioridad
2026/08/14 1:00:55 p.m. CST,Alto,Mas de 10 horas a la semana,En archivos de excel u otro programa de hojas de calculo,3,Indispuesto,No lo considero necesario,Interesado,Dispuesto,Automatice mi negocio,Mejoraría el control de gastos porque limita el crecimiento para responder más rápido.,4,12.5,3,1,3,3,47.22,Media,Baja prioridad
2026/08/14 1:00:55 p.m. CST,Bajo,"No se pierde el tiempo, todo está perfectamente optimizado",En archivos de excel u otro programa de hojas de calculo,3,Indiferente,No lo considero necesario,Para nada,Indispuesto,Precio accesible;Aumente mis ingresos,Mejoraría los pedidos porque genera duplicados para mejorar el servicio.,2,0,3,2,1,1,25.0,Baja,Baja prioridad
2026/08/14 1:00:55 p.m. CST,Alto,Menos de 5 horas a la semana,En un software especializado en la nube,3,Indiferente,No lo considero necesario,Para nada,Indispuesto,Precio accesible;Aumente mis ingresos;Facilidad de uso,Mejoraría el seguimiento de clientes porque dificulta dar seguimiento para evitar tareas repetidas.,4,2.5,3,2,1,1,17.22,Baja,Baja prioridad
2026/08/14 1:00:55 p.m. CST,Alto,"No se pierde el tiempo, todo está perfectamente optimizado",En un software especializado en la nube,5,Indispuesto,falta de tiempo para implementar o aprender una nueva herramienta,Inseguro,Dispuesto,Automatice mi negocio;Aumente mis ingresos;Facilidad de uso,Mejoraría los contratos porque genera duplicados para aumentar la productividad.,4,0,5,1,2,3,33.33,Baja,Interes medio / diagnostico
2026/08/14 1:00:56 p.m. CST,Alto,Menos de 5 horas a la semana,En archivos de excel u otro programa de hojas de calculo,2,Indiferente,El costo del servicio,Para nada,Indispuesto,Precio accesible,Mejoraría el control de caja porque se maneja de forma dispersa para mejorar el servicio.,4,2.5,2,2,1,1,13.06,Baja,Sensible al precio
2026/08/14 1:00:56 p.m. CST,Alto,Mas de 10 horas a la semana,En archivos de excel u otro programa de hojas de calculo,5,Indispuesto,El costo del servicio,Interesado,Indispuesto,Aumente mis ingresos;Facilidad de uso,Mejoraría el control de gastos porque complica la coordinación para mejorar el servicio.,4,12.5,5,1,3,1,44.44,Media,Interes medio / diagnostico
2026/08/14 1:00:56 p.m. CST,Medio,"No se pierde el tiempo, todo está perfectamente optimizado",En un software especializado en la nube,1,Indiferente,El costo del servicio,Para nada,Dispuesto,Aumente mis ingresos,Mejoraría los pagos pendientes porque impide medir resultados para ahorrar tiempo.,3,0,1,2,1,3,22.22,Baja,Sensible al precio
2026/08/14 1:00:59 p.m. CST,Medio,"No se pierde el tiempo, todo está perfectamente optimizado",En archivos de excel u otro programa de hojas de calculo,1,Muy Dispuesto,No lo considero necesario,Inseguro,Indispuesto,Automatice mi negocio;Precio accesible,Mejoraría las cotizaciones porque retrasa las decisiones para responder más rápido.,3,0,1,4,2,1,27.78,Baja,Baja prioridad
2026/08/14 1:00:59 p.m. CST,Medio,Menos de 5 horas a la semana,En un software especializado en la nube,3,Muy Dispuesto,No lo considero necesario,Para nada,Indiferente,Automatice mi negocio;Precio accesible;Facilidad de uso,Mejoraría el control de caja porque complica la coordinación para tomar decisiones con datos.,3,2.5,3,4,1,2,39.44,Baja,Baja prioridad
2026/08/14 1:01:00 p.m. CST,Alto,Menos de 5 horas a la semana,En archivos de excel u otro programa de hojas de calculo,5,Muy Dispuesto,No lo considero necesario,Para nada,Indiferente,Facilidad de uso,Mejoraría las solicitudes internas porque produce retrasos para mejorar el servicio.,4,2.5,5,4,1,2,42.22,Media,Baja prioridad
2026/08/14 1:01:01 p.m. CST,Medio,"No se pierde el tiempo, todo está perfectamente optimizado",En archivos de excel u otro programa de hojas de calculo,1,Muy Dispuesto,El costo del servicio,Interesado,Indispuesto,Automatice mi negocio;Aumente mis ingresos;Facilidad de uso,Mejoraría el inventario porque no deja ver el estado real para tomar decisiones con datos.,3,0,1,4,3,1,33.33,Baja,Sensible al precio
2026/08/14 1:01:01 p.m. CST,Bajo,"No se pierde el tiempo, todo está perfectamente optimizado",En archivos de excel u otro programa de hojas de calculo,5,Muy Dispuesto,falta de tiempo para implementar o aprender una nueva herramienta,Inseguro,Indiferente,Automatice mi negocio;Precio accesible;Aumente mis ingresos;Facilidad de uso,Mejoraría el registro de proveedores porque requiere mucho trabajo manual para tener información centralizada.,2,0,5,4,2,2,55.56,Media,Interes medio / diagnostico
2026/08/14 1:01:01 p.m. CST,Alto,Menos de 5 horas a la semana,En un software especializado en la nube,5,Muy Dispuesto,falta de tiempo para implementar o aprender una nueva herramienta,Para nada,Dispuesto,Automatice mi negocio;Precio accesible;Aumente mis ingresos;Facilidad de uso,Mejoraría el seguimiento de clientes porque provoca errores para tener información centralizada.,4,2.5,5,4,1,3,47.78,Media,Interes medio / diagnostico
2026/08/14 1:01:01 p.m. CST,Bajo,"No se pierde el tiempo, todo está perfectamente optimizado",En archivos de excel u otro programa de hojas de calculo,1,Indispuesto,El costo del servicio,Inseguro,Indiferente,Facilidad de uso,Mejoraría la agenda de citas porque no deja ver el estado real para tener información centralizada.,2,0,1,1,2,2,22.22,Baja,Interes medio / diagnostico
2026/08/14 1:01:01 p.m. CST,Medio,Menos de 5 horas a la semana,En un software especializado en la nube,1,Indiferente,falta de tiempo para implementar o aprender una nueva herramienta,Interesado,Indispuesto,Facilidad de uso,Mejoraría las tareas recurrentes porque requiere revisar varios archivos para aumentar la productividad.,3,2.5,1,2,3,1,25.56,Baja,Interes medio / diagnostico
2026/08/14 1:01:02 p.m. CST,Bajo,"No se pierde el tiempo, todo está perfectamente optimizado",En archivos de excel u otro programa de hojas de calculo,3,Indiferente,No lo considero necesario,Inseguro,Indispuesto,Automatice mi negocio;Aumente mis ingresos;Facilidad de uso,Mejoraría la planificación semanal porque impide medir resultados para responder más rápido.,2,0,3,2,2,1,30.56,Baja,Baja prioridad
2026/08/14 1:01:02 p.m. CST,Medio,"No se pierde el tiempo, todo está perfectamente optimizado",En archivos de excel u otro programa de hojas de calculo,5,Indispuesto,falta de tiempo para implementar o aprender una nueva herramienta,Interesado,Dispuesto,Facilidad de uso,Mejoraría las solicitudes internas porque se actualiza tarde para mejorar el servicio.,3,0,5,1,3,3,44.44,Media,Interes medio / diagnostico
2026/08/14 1:01:02 p.m. CST,Bajo,Menos de 5 horas a la semana,En archivos de excel u otro programa de hojas de calculo,1,Muy Dispuesto,falta de tiempo para implementar o aprender una nueva herramienta,Inseguro,Indiferente,Automatice mi negocio;Precio accesible;Facilidad de uso,Mejoraría el registro de proveedores porque hace difícil encontrar datos para ordenar el trabajo.,2,2.5,1,4,2,2,42.22,Media,Interes medio / diagnostico
2026/08/14 1:01:03 p.m. CST,Bajo,"No se pierde el tiempo, todo está perfectamente optimizado",En un software especializado en la nube,2,Indispuesto,falta de tiempo para implementar o aprender una nueva herramienta,Inseguro,Dispuesto,Automatice mi negocio;Precio accesible;Aumente mis ingresos;Facilidad de uso,Mejoraría la planificación semanal porque se actualiza tarde para responder más rápido.,2,0,2,1,2,3,31.94,Baja,Interes medio / diagnostico
2026/08/14 1:01:03 p.m. CST,Alto,Mas de 10 horas a la semana,En archivos de excel u otro programa de hojas de calculo,5,Indispuesto,No lo considero necesario,Interesado,Dispuesto,Automatice mi negocio;Aumente mis ingresos;Facilidad de uso,Mejoraría las compras porque se maneja de forma dispersa para tomar decisiones con datos.,4,12.5,5,1,3,3,55.56,Media,Baja prioridad
2026/08/14 1:01:03 p.m. CST,Medio,Menos de 5 horas a la semana,En archivos de excel u otro programa de hojas de calculo,2,Muy Dispuesto,El costo del servicio,Para nada,Indiferente,Automatice mi negocio;Precio accesible;Aumente mis ingresos;Facilidad de uso,Mejoraría las tareas recurrentes porque dificulta dar seguimiento para reducir errores.,3,2.5,2,4,1,2,35.28,Baja,Sensible al precio
2026/08/14 1:01:04 p.m. CST,Bajo,Menos de 5 horas a la semana,En un software especializado en la nube,5,Muy Dispuesto,No lo considero necesario,Inseguro,Indispuesto,Automatice mi negocio;Precio accesible;Aumente mis ingresos;Facilidad de uso,Mejoraría el archivo de documentos porque quita tiempo al equipo para tomar decisiones con datos.,2,2.5,5,4,2,1,53.33,Media,Baja prioridad
2026/08/14 1:01:04 p.m. CST,Alto,Mas de 10 horas a la semana,En archivos de excel u otro programa de hojas de calculo,5,Muy Dispuesto,No lo considero necesario,Para nada,Dispuesto,Facilidad de uso,Mejoraría la agenda de citas porque limita el crecimiento para ordenar el trabajo.,4,12.5,5,4,1,3,61.11,Alta,Baja prioridad
2026/08/14 1:01:04 p.m. CST,Medio,"No se pierde el tiempo, todo está perfectamente optimizado",En un software especializado en la nube,1,Indispuesto,El costo del servicio,Interesado,Indiferente,Automatice mi negocio;Aumente mis ingresos,Mejoraría las órdenes de trabajo porque se actualiza tarde para tomar decisiones con datos.,3,0,1,1,3,2,22.22,Baja,Interes medio / diagnostico
2026/08/14 1:01:05 p.m. CST,Medio,"No se pierde el tiempo, todo está perfectamente optimizado",En archivos de excel u otro programa de hojas de calculo,1,Indispuesto,falta de tiempo para implementar o aprender una nueva herramienta,Para nada,Indiferente,Automatice mi negocio;Aumente mis ingresos;Facilidad de uso,Mejoraría las tareas recurrentes porque no deja ver el estado real para ahorrar tiempo.,3,0,1,1,1,2,11.11,Baja,Baja prioridad
2026/08/14 1:01:05 p.m. CST,Alto,Menos de 5 horas a la semana,En archivos de excel u otro programa de hojas de calculo,1,Muy Dispuesto,falta de tiempo para implementar o aprender una nueva herramienta,Interesado,Indiferente,Aumente mis ingresos,Mejoraría la atención de consultas porque dificulta dar seguimiento para reducir errores.,4,2.5,1,4,3,2,36.67,Baja,Interes medio / diagnostico
2026/08/14 1:01:06 p.m. CST,Bajo,"No se pierde el tiempo, todo está perfectamente optimizado",En un software especializado en la nube,5,Indiferente,No lo considero necesario,Para nada,Dispuesto,Precio accesible;Facilidad de uso,Mejoraría el seguimiento de clientes porque impide medir resultados para aumentar la productividad.,2,0,5,2,1,3,44.44,Media,Baja prioridad
2026/08/14 1:01:07 p.m. CST,Bajo,Mas de 10 horas a la semana,En archivos de excel u otro programa de hojas de calculo,1,Indiferente,No lo considero necesario,Interesado,Dispuesto,Automatice mi negocio;Aumente mis ingresos;Facilidad de uso,Mejoraría las ventas diarias porque produce retrasos para reducir errores.,2,12.5,1,2,3,3,55.56,Media,Baja prioridad
2026/08/14 1:01:07 p.m. CST,Medio,"No se pierde el tiempo, todo está perfectamente optimizado",En archivos de excel u otro programa de hojas de calculo,1,Indiferente,No lo considero necesario,Inseguro,Indiferente,Automatice mi negocio;Precio accesible;Facilidad de uso,Mejoraría las solicitudes internas porque se maneja de forma dispersa para tomar decisiones con datos.,3,0,1,2,2,2,22.22,Baja,Baja prioridad
2026/08/14 1:01:07 p.m. CST,Bajo,Mas de 10 horas a la semana,En archivos de excel u otro programa de hojas de calculo,1,Muy Dispuesto,El costo del servicio,Para nada,Indiferente,Precio accesible;Aumente mis ingresos,Mejoraría el inventario porque se actualiza tarde para mejorar el servicio.,2,12.5,1,4,1,2,50.0,Media,Sensible al precio
2026/08/14 1:01:08 p.m. CST,Medio,"No se pierde el tiempo, todo está perfectamente optimizado",En un software especializado en la nube,2,Indiferente,No lo considero necesario,Para nada,Indispuesto,Automatice mi negocio;Precio accesible;Aumente mis ingresos;Facilidad de uso,Mejoraría las ventas diarias porque retrasa las decisiones para reducir errores.,3,0,2,2,1,1,15.28,Baja,Baja prioridad
2026/08/14 1:01:09 p.m. CST,Bajo,"No se pierde el tiempo, todo está perfectamente optimizado",En archivos de excel u otro programa de hojas de calculo,5,Muy Dispuesto,No lo considero necesario,Interesado,Dispuesto,Automatice mi negocio;Aumente mis ingresos,Mejoraría las compras porque produce retrasos para responder más rápido.,2,0,5,4,3,3,66.67,Alta,Listo para vender
2026/08/14 1:01:09 p.m. CST,Bajo,"No se pierde el tiempo, todo está perfectamente optimizado",En un software especializado en la nube,2,Muy Dispuesto,falta de tiempo para implementar o aprender una nueva herramienta,Interesado,Indispuesto,Automatice mi negocio;Aumente mis ingresos,Mejoraría los indicadores porque causa olvidos para mejorar el servicio.,2,0,2,4,3,1,43.06,Media,Interes medio / diagnostico
2026/08/14 1:01:09 p.m. CST,Alto,"No se pierde el tiempo, todo está perfectamente optimizado",En archivos de excel u otro programa de hojas de calculo,2,Muy Dispuesto,No lo considero necesario,Para nada,Dispuesto,Facilidad de uso,Mejoraría los pedidos porque genera duplicados para ahorrar tiempo.,4,0,2,4,1,3,31.94,Baja,Baja prioridad
2026/08/14 1:01:09 p.m. CST,Bajo,Mas de 10 horas a la semana,En archivos de excel u otro programa de hojas de calculo,3,Indiferente,falta de tiempo para implementar o aprender una nueva herramienta,Para nada,Dispuesto,Aumente mis ingresos,Mejoraría el control de caja porque complica la coordinación para ordenar el trabajo.,2,12.5,3,2,1,3,52.78,Media,Interes medio / diagnostico
2026/08/14 1:01:09 p.m. CST,Bajo,Mas de 10 horas a la semana,En un software especializado en la nube,5,Muy Dispuesto,El costo del servicio,Para nada,Indispuesto,Precio accesible,Mejoraría el seguimiento de garantías porque produce retrasos para tener información centralizada.,2,12.5,5,4,1,1,61.11,Alta,Sensible al precio
2026/08/14 1:01:10 p.m. CST,Alto,Mas de 10 horas a la semana,En archivos de excel u otro programa de hojas de calculo,1,Indiferente,No lo considero necesario,Para nada,Dispuesto,Automatice mi negocio;Precio accesible;Aumente mis ingresos;Facilidad de uso,Mejoraría los indicadores porque requiere revisar varios archivos para mejorar el servicio.,4,12.5,1,2,1,3,33.33,Baja,Baja prioridad
2026/08/14 1:01:10 p.m. CST,Bajo,"No se pierde el tiempo, todo está perfectamente optimizado",En archivos de excel u otro programa de hojas de calculo,2,Muy Dispuesto,El costo del servicio,Para nada,Indiferente,Aumente mis ingresos,Mejoraría los reportes porque se maneja de forma dispersa para ordenar el trabajo.,2,0,2,4,1,2,37.5,Baja,Sensible al precio
2026/08/14 1:01:11 p.m. CST,Alto,"No se pierde el tiempo, todo está perfectamente optimizado",En un software especializado en la nube,3,Indispuesto,El costo del servicio,Inseguro,Indiferente,Aumente mis ingresos,Mejoraría las solicitudes internas porque retrasa las decisiones para ahorrar tiempo.,4,0,3,1,2,2,19.44,Baja,Interes medio / diagnostico
2026/08/14 1:01:11 p.m. CST,Medio,Menos de 5 horas a la semana,En archivos de excel u otro programa de hojas de calculo,3,Indiferente,No lo considero necesario,Interesado,Indispuesto,Aumente mis ingresos,Mejoraría el inventario porque se actualiza tarde para tener información centralizada.,3,2.5,3,2,3,1,33.89,Baja,Baja prioridad
2026/08/14 1:01:11 p.m. CST,Medio,Mas de 10 horas a la semana,En archivos de excel u otro programa de hojas de calculo,5,Indispuesto,No lo considero necesario,Inseguro,Indiferente,Automatice mi negocio;Facilidad de uso,Mejoraría el registro de proveedores porque retrasa las decisiones para evitar tareas repetidas.,3,12.5,5,1,2,2,50.0,Media,Baja prioridad
2026/08/14 1:01:12 p.m. CST,Medio,Menos de 5 horas a la semana,En un software especializado en la nube,2,Indiferente,falta de tiempo para implementar o aprender una nueva herramienta,Para nada,Indispuesto,Precio accesible,Mejoraría las tareas recurrentes porque retrasa las decisiones para controlar mejor los costos.,3,2.5,2,2,1,1,18.61,Baja,Interes medio / diagnostico
2026/08/14 1:01:13 p.m. CST,Alto,Mas de 10 horas a la semana,En archivos de excel u otro programa de hojas de calculo,5,Indispuesto,El costo del servicio,Para nada,Dispuesto,Automatice mi negocio;Aumente mis ingresos,Mejoraría las tareas recurrentes porque retrasa las decisiones para controlar mejor los costos.,4,12.5,5,1,1,3,44.44,Media,Baja prioridad
2026/08/14 1:01:13 p.m. CST,Alto,"No se pierde el tiempo, todo está perfectamente optimizado",En archivos de excel u otro programa de hojas de calculo,3,Indispuesto,El costo del servicio,Inseguro,Dispuesto,Automatice mi negocio;Precio accesible;Aumente mis ingresos;Facilidad de uso,Mejoraría las ventas diarias porque se pierde información para evitar tareas repetidas.,4,0,3,1,2,3,25.0,Baja,Interes medio / diagnostico
2026/08/14 1:01:14 p.m. CST,Medio,"No se pierde el tiempo, todo está perfectamente optimizado",En un software especializado en la nube,2,Indiferente,El costo del servicio,Para nada,Indispuesto,Precio accesible,Mejoraría el seguimiento de clientes porque no tiene responsables claros para tomar decisiones con datos.,3,0,2,2,1,1,15.28,Baja,Sensible al precio
2026/08/14 1:01:14 p.m. CST,Alto,"No se pierde el tiempo, todo está perfectamente optimizado",En un software especializado en la nube,2,Indiferente,El costo del servicio,Inseguro,Dispuesto,Precio accesible,Mejoraría las órdenes de trabajo porque quita tiempo al equipo para evitar tareas repetidas.,4,0,2,2,2,3,26.39,Baja,Sensible al precio
2026/08/14 1:01:14 p.m. CST,Alto,"No se pierde el tiempo, todo está perfectamente optimizado",En un software especializado en la nube,3,Indispuesto,No lo considero necesario,Inseguro,Indispuesto,Precio accesible,Mejoraría los contratos porque no deja ver el estado real para reducir errores.,4,0,3,1,2,1,13.89,Baja,Baja prioridad
2026/08/14 1:01:15 p.m. CST,Alto,"No se pierde el tiempo, todo está perfectamente optimizado",En archivos de excel u otro programa de hojas de calculo,2,Muy Dispuesto,falta de tiempo para implementar o aprender una nueva herramienta,Inseguro,Dispuesto,Facilidad de uso,Mejoraría los turnos del equipo porque hace difícil encontrar datos para evitar tareas repetidas.,4,0,2,4,2,3,37.5,Baja,Interes medio / diagnostico
2026/08/14 1:01:15 p.m. CST,Medio,Mas de 10 horas a la semana,En archivos de excel u otro programa de hojas de calculo,1,Indiferente,No lo considero necesario,Para nada,Indiferente,Facilidad de uso,Mejoraría los pedidos porque hace difícil encontrar datos para responder más rápido.,3,12.5,1,2,1,2,33.33,Baja,Baja prioridad
2026/08/14 1:01:15 p.m. CST,Bajo,"No se pierde el tiempo, todo está perfectamente optimizado",En un software especializado en la nube,1,Muy Dispuesto,El costo del servicio,Interesado,Indiferente,Automatice mi negocio;Facilidad de uso,Mejoraría las solicitudes internas porque limita el crecimiento para ahorrar tiempo.,2,0,1,4,3,2,44.44,Media,Sensible al precio
2026/08/14 1:01:16 p.m. CST,Medio,Mas de 10 horas a la semana,En un software especializado en la nube,3,Indispuesto,El costo del servicio,Para nada,Dispuesto,Precio accesible;Aumente mis ingresos,Mejoraría las compras porque provoca errores para tener información centralizada.,3,12.5,3,1,1,3,41.67,Media,Baja prioridad
2026/08/14 1:01:17 p.m. CST,Bajo,Mas de 10 horas a la semana,En un software especializado en la nube,2,Muy Dispuesto,No lo considero necesario,Interesado,Indispuesto,Aumente mis ingresos,Mejoraría la agenda de citas porque se actualiza tarde para tener información centralizada.,2,12.5,2,4,3,1,59.72,Media,Baja prioridad
2026/08/14 1:01:17 p.m. CST,Alto,Menos de 5 horas a la semana,En un software especializado en la nube,2,Muy Dispuesto,No lo considero necesario,Inseguro,Dispuesto,Automatice mi negocio;Precio accesible;Aumente mis ingresos;Facilidad de uso,Mejoraría las ventas diarias porque quita tiempo al equipo para mejorar el servicio.,4,2.5,2,4,2,3,40.83,Media,Baja prioridad
2026/08/14 1:01:18 p.m. CST,Bajo,"No se pierde el tiempo, todo está perfectamente optimizado",En un software especializado en la nube,3,Indispuesto,El costo del servicio,Inseguro,Dispuesto,Precio accesible;Aumente mis ingresos;Facilidad de uso,Mejoraría los turnos del equipo porque no deja ver el estado real para reducir errores.,2,0,3,1,2,3,36.11,Baja,Interes medio / diagnostico
2026/08/14 1:01:18 p.m. CST,Medio,Menos de 5 horas a la semana,En archivos de excel u otro programa de hojas de calculo,1,Indiferente,falta de tiempo para implementar o aprender una nueva herramienta,Para nada,Dispuesto,Automatice mi negocio;Precio accesible;Facilidad de uso,Mejoraría los pagos pendientes porque requiere mucho trabajo manual para aumentar la productividad.,3,2.5,1,2,1,3,25.56,Baja,Interes medio / diagnostico
2026/08/14 1:01:18 p.m. CST,Bajo,Mas de 10 horas a la semana,En archivos de excel u otro programa de hojas de calculo,5,Indispuesto,No lo considero necesario,Interesado,Dispuesto,Automatice mi negocio;Precio accesible;Aumente mis ingresos;Facilidad de uso,Mejoraría la atención de consultas porque no deja ver el estado real para aumentar la productividad.,2,12.5,5,1,3,3,66.67,Alta,Baja prioridad
2026/08/14 1:01:18 p.m. CST,Alto,Mas de 10 horas a la semana,En archivos de excel u otro programa de hojas de calculo,1,Indispuesto,No lo considero necesario,Interesado,Indispuesto,Automatice mi negocio;Precio accesible;Aumente mis ingresos;Facilidad de uso,Mejoraría las órdenes de trabajo porque no deja ver el estado real para ordenar el trabajo.,4,12.5,1,1,3,1,27.78,Baja,Baja prioridad
2026/08/14 1:01:18 p.m. CST,Alto,Mas de 10 horas a la semana,En un software especializado en la nube,3,Indispuesto,El costo del servicio,Interesado,Indiferente,Aumente mis ingresos,Mejoraría las facturas porque se maneja de forma dispersa para tener información centralizada.,4,12.5,3,1,3,2,41.67,Media,Interes medio / diagnostico
2026/08/14 1:01:18 p.m. CST,Alto,Menos de 5 horas a la semana,En un software especializado en la nube,2,Muy Dispuesto,falta de tiempo para implementar o aprender una nueva herramienta,Inseguro,Indispuesto,Facilidad de uso,Mejoraría las tareas recurrentes porque requiere revisar varios archivos para responder más rápido.,4,2.5,2,4,2,1,29.72,Baja,Interes medio / diagnostico
2026/08/14 1:01:19 p.m. CST,Medio,"No se pierde el tiempo, todo está perfectamente optimizado",En archivos de excel u otro programa de hojas de calculo,1,Indispuesto,falta de tiempo para implementar o aprender una nueva herramienta,Inseguro,Indiferente,Aumente mis ingresos,Mejoraría la atención de consultas porque dificulta dar seguimiento para mejorar el servicio.,3,0,1,1,2,2,16.67,Baja,Interes medio / diagnostico
2026/08/14 1:01:19 p.m. CST,Alto,Mas de 10 horas a la semana,En archivos de excel u otro programa de hojas de calculo,3,Indiferente,falta de tiempo para implementar o aprender una nueva herramienta,Interesado,Indispuesto,Automatice mi negocio;Aumente mis ingresos,Mejoraría los reportes porque se actualiza tarde para aumentar la productividad.,4,12.5,3,2,3,1,41.67,Media,Interes medio / diagnostico
2026/08/14 1:01:20 p.m. CST,Medio,Mas de 10 horas a la semana,En un software especializado en la nube,2,Indispuesto,El costo del servicio,Interesado,Indispuesto,Automatice mi negocio;Aumente mis ingresos;Facilidad de uso,Mejoraría los reportes porque hace difícil encontrar datos para ahorrar tiempo.,3,12.5,2,1,3,1,37.5,Baja,Interes medio / diagnostico
2026/08/14 1:01:20 p.m. CST,Medio,"No se pierde el tiempo, todo está perfectamente optimizado",En un software especializado en la nube,1,Muy Dispuesto,El costo del servicio,Inseguro,Indispuesto,Automatice mi negocio;Precio accesible;Aumente mis ingresos,Mejoraría los reportes porque genera duplicados para tomar decisiones con datos.,3,0,1,4,2,1,27.78,Baja,Sensible al precio
2026/08/14 1:01:20 p.m. CST,Medio,Mas de 10 horas a la semana,En archivos de excel u otro programa de hojas de calculo,2,Indiferente,No lo considero necesario,Inseguro,Dispuesto,Precio accesible;Aumente mis ingresos;Facilidad de uso,Mejoraría las compras porque requiere mucho trabajo manual para mejorar el servicio.,3,12.5,2,2,2,3,48.61,Media,Baja prioridad
2026/08/14 1:09:13 p.m. CST,Bajo,Entre 5 y 10 horas a la semana,"En libretas, folders o agendas físicas",5,Dispuesto,Desconocimiento sobre que opciones existen,Inseguro,Indispuesto,Precio accesible,Mejoraría las entregas porque quita tiempo al equipo para mejorar el servicio.,2,7.5,5,3,2,1,54.44,Media,Interes medio / diagnostico
2026/08/14 1:09:13 p.m. CST,Medio,Menos de 5 horas a la semana,En archivos de excel u otro programa de hojas de calculo,4,Dispuesto,falta de tiempo para implementar o aprender una nueva herramienta,Para nada,Muy Dispuesto,Automatice mi negocio;Precio accesible,Mejoraría las facturas porque requiere revisar varios archivos para responder más rápido.,3,2.5,4,3,1,4,49.17,Media,Interes medio / diagnostico
2026/08/14 1:09:13 p.m. CST,Medio,Menos de 5 horas a la semana,"En libretas, folders o agendas físicas",4,Indiferente,falta de tiempo para implementar o aprender una nueva herramienta,Interesado,Indispuesto,Automatice mi negocio;Facilidad de uso,Mejoraría las tareas recurrentes porque produce retrasos para evitar tareas repetidas.,3,2.5,4,2,3,1,38.06,Baja,Interes medio / diagnostico
2026/08/14 1:09:14 p.m. CST,Bajo,Entre 5 y 10 horas a la semana,En archivos de excel u otro programa de hojas de calculo,4,Dispuesto,El costo del servicio,Definitivamente,Muy Dispuesto,Precio accesible,Mejoraría las solicitudes internas porque se pierde información para ordenar el trabajo.,2,7.5,4,3,4,4,78.06,Muy alta,Listo para vender
2026/08/14 1:09:17 p.m. CST,Alto,Entre 5 y 10 horas a la semana,"En libretas, folders o agendas físicas",2,Muy Dispuesto,No lo considero necesario,Definitivamente,Muy Dispuesto,Automatice mi negocio;Precio accesible,Mejoraría los indicadores porque provoca errores para mejorar el servicio.,4,7.5,2,4,4,4,64.17,Alta,Baja prioridad
2026/08/14 1:09:17 p.m. CST,Muy Bajo,"No se pierde el tiempo, todo está perfectamente optimizado",En archivos de excel u otro programa de hojas de calculo,1,Dispuesto,falta de tiempo para implementar o aprender una nueva herramienta,Inseguro,Indiferente,Precio accesible;Facilidad de uso,Mejoraría los pedidos porque no tiene alertas para tener información centralizada.,1,0,1,3,2,2,38.89,Baja,Interes medio / diagnostico
2026/08/14 1:09:18 p.m. CST,Muy Bajo,Entre 5 y 10 horas a la semana,"En libretas, folders o agendas físicas",4,Indispuesto,El costo del servicio,Interesado,Muy Dispuesto,Automatice mi negocio;Precio accesible;Aumente mis ingresos,Mejoraría las compras porque depende de hojas de cálculo para responder más rápido.,1,7.5,4,1,3,4,66.94,Alta,Interes medio / diagnostico
2026/08/14 1:09:18 p.m. CST,Alto,Entre 5 y 10 horas a la semana,En un software especializado en la nube,4,Dispuesto,El costo del servicio,Definitivamente,Muy Dispuesto,Precio accesible,Mejoraría las tareas recurrentes porque impide medir resultados para ahorrar tiempo.,4,7.5,4,3,4,4,66.94,Alta,Listo para vender
2026/08/14 1:09:21 p.m. CST,Alto,Entre 5 y 10 horas a la semana,En un software especializado en la nube,4,Dispuesto,falta de tiempo para implementar o aprender una nueva herramienta,Inseguro,Indispuesto,Automatice mi negocio;Precio accesible;Aumente mis ingresos,Mejoraría el archivo de documentos porque quita tiempo al equipo para responder más rápido.,4,7.5,4,3,2,1,39.17,Baja,Interes medio / diagnostico
2026/08/14 1:09:22 p.m. CST,Muy Bajo,Mas de 10 horas a la semana,"En libretas, folders o agendas físicas",3,Muy Dispuesto,Desconocimiento sobre que opciones existen,Inseguro,Muy Dispuesto,Automatice mi negocio;Precio accesible;Facilidad de uso,Mejoraría las ventas diarias porque causa olvidos para responder más rápido.,1,12.5,3,4,2,4,80.56,Muy alta,Educar y nutrir
2026/08/14 1:09:22 p.m. CST,Muy Bajo,"No se pierde el tiempo, todo está perfectamente optimizado",En un software especializado en la nube,4,Dispuesto,El costo del servicio,Inseguro,Muy Dispuesto,Automatice mi negocio;Precio accesible;Aumente mis ingresos;Facilidad de uso,Mejoraría las facturas porque causa olvidos para controlar mejor los costos.,1,0,4,3,2,4,62.5,Alta,Sensible al precio
2026/08/14 1:09:22 p.m. CST,Alto,Entre 5 y 10 horas a la semana,En un software especializado en la nube,4,Dispuesto,El costo del servicio,Definitivamente,Indiferente,Automatice mi negocio;Facilidad de uso,Mejoraría los pagos pendientes porque provoca errores para evitar tareas repetidas.,4,7.5,4,3,4,2,55.83,Media,Sensible al precio
2026/08/14 1:09:25 p.m. CST,Medio,Entre 5 y 10 horas a la semana,"En libretas, folders o agendas físicas",3,Dispuesto,falta de tiempo para implementar o aprender una nueva herramienta,Definitivamente,Dispuesto,Automatice mi negocio;Precio accesible,Mejoraría las solicitudes internas porque requiere revisar varios archivos para reducir errores.,3,7.5,3,3,4,3,62.78,Alta,Interes medio / diagnostico
2026/08/14 1:09:26 p.m. CST,Muy Bajo,Entre 5 y 10 horas a la semana,"En libretas, folders o agendas físicas",2,Dispuesto,El costo del servicio,Para nada,Indiferente,Automatice mi negocio;Precio accesible;Facilidad de uso,Mejoraría los reportes porque hace difícil encontrar datos para ordenar el trabajo.,1,7.5,2,3,1,2,47.5,Media,Sensible al precio
2026/08/14 1:09:27 p.m. CST,Bajo,Menos de 5 horas a la semana,"En libretas, folders o agendas físicas",4,Indispuesto,No lo considero necesario,Definitivamente,Indiferente,Automatice mi negocio,Mejoraría las compras porque provoca errores para evitar tareas repetidas.,2,2.5,4,1,4,2,49.17,Media,Baja prioridad
2026/08/14 1:09:27 p.m. CST,Alto,Entre 5 y 10 horas a la semana,En archivos de excel u otro programa de hojas de calculo,2,Indiferente,Desconocimiento sobre que opciones existen,Para nada,Indiferente,Aumente mis ingresos,Mejoraría el seguimiento de garantías porque se actualiza tarde para evitar tareas repetidas.,4,7.5,2,2,1,2,25.28,Baja,Interes medio / diagnostico
2026/08/14 1:09:30 p.m. CST,Muy Bajo,Entre 5 y 10 horas a la semana,"En libretas, folders o agendas físicas",1,Dispuesto,El costo del servicio,Definitivamente,Dispuesto,Automatice mi negocio;Precio accesible;Aumente mis ingresos,Mejoraría el registro de proveedores porque no deja ver el estado real para tomar decisiones con datos.,1,7.5,1,3,4,3,65.56,Alta,Sensible al precio
2026/08/14 1:09:30 p.m. CST,Muy Bajo,Entre 5 y 10 horas a la semana,En un software especializado en la nube,3,Dispuesto,El costo del servicio,Definitivamente,Muy Dispuesto,Automatice mi negocio;Precio accesible;Aumente mis ingresos;Facilidad de uso,Mejoraría las ventas diarias porque hace difícil encontrar datos para tener información centralizada.,1,7.5,3,3,4,4,79.44,Muy alta,Sensible al precio
2026/08/14 1:09:31 p.m. CST,Bajo,Menos de 5 horas a la semana,"En libretas, folders o agendas físicas",4,Indiferente,Desconocimiento sobre que opciones existen,Definitivamente,Dispuesto,Aumente mis ingresos,Mejoraría el seguimiento de clientes porque genera duplicados para aumentar la productividad.,2,2.5,4,2,4,3,60.28,Alta,Educar y nutrir
2026/08/14 1:09:31 p.m. CST,Alto,Menos de 5 horas a la semana,"En libretas, folders o agendas físicas",5,Dispuesto,El costo del servicio,Para nada,Indiferente,Automatice mi negocio;Precio accesible;Facilidad de uso,Mejoraría los turnos del equipo porque se pierde información para ordenar el trabajo.,4,2.5,5,3,1,2,36.67,Baja,Sensible al precio
2026/08/14 1:17:21 p.m. CST,Alto,"No se pierde el tiempo, todo está perfectamente optimizado",En un software especializado en la nube,5,Indispuesto,falta de tiempo para implementar o aprender una nueva herramienta,Definitivamente,Indispuesto,Aumente mis ingresos,Mejoraría el seguimiento de garantías porque depende de hojas de cálculo para ahorrar tiempo.,4,0,5,1,4,1,33.33,Baja,Interes medio / diagnostico
2026/08/14 1:17:21 p.m. CST,Alto,Entre 5 y 10 horas a la semana,"En libretas, folders o agendas físicas",1,Dispuesto,Desconocimiento sobre que opciones existen,Interesado,Dispuesto,Precio accesible,Mejoraría las facturas porque complica la coordinación para responder más rápido.,4,7.5,1,3,3,3,43.33,Media,Educar y nutrir
2026/08/14 1:17:21 p.m. CST,Muy Bajo,Entre 5 y 10 horas a la semana,En archivos de excel u otro programa de hojas de calculo,3,Muy Dispuesto,Desconocimiento sobre que opciones existen,Inseguro,Indispuesto,Precio accesible,Mejoraría los turnos del equipo porque no tiene alertas para tomar decisiones con datos.,1,7.5,3,4,2,1,57.22,Media,Interes medio / diagnostico
2026/08/14 1:17:25 p.m. CST,Bajo,"No se pierde el tiempo, todo está perfectamente optimizado",En un software especializado en la nube,4,Dispuesto,El costo del servicio,Inseguro,Indispuesto,Aumente mis ingresos,Mejoraría el control de gastos porque depende de hojas de cálculo para mejorar el servicio.,2,0,4,3,2,1,40.28,Media,Sensible al precio
2026/08/14 1:17:25 p.m. CST,Muy Bajo,Mas de 10 horas a la semana,En un software especializado en la nube,5,Dispuesto,falta de tiempo para implementar o aprender una nueva herramienta,Para nada,Dispuesto,Facilidad de uso,Mejoraría la agenda de citas porque provoca errores para controlar mejor los costos.,1,12.5,5,3,1,3,72.22,Alta,Interes medio / diagnostico
2026/08/14 1:17:25 p.m. CST,Muy Bajo,Menos de 5 horas a la semana,En un software especializado en la nube,4,Indispuesto,falta de tiempo para implementar o aprender una nueva herramienta,Para nada,Muy Dispuesto,Facilidad de uso,Mejoraría los pedidos porque limita el crecimiento para controlar mejor los costos.,1,2.5,4,1,1,4,49.17,Media,Baja prioridad
2026/08/14 1:17:29 p.m. CST,Alto,Mas de 10 horas a la semana,En archivos de excel u otro programa de hojas de calculo,4,Indiferente,falta de tiempo para implementar o aprender una nueva herramienta,Interesado,Indiferente,Facilidad de uso,Mejoraría el registro de proveedores porque causa olvidos para aumentar la productividad.,4,12.5,4,2,3,2,51.39,Media,Interes medio / diagnostico
2026/08/14 1:17:29 p.m. CST,Alto,Menos de 5 horas a la semana,En un software especializado en la nube,2,Dispuesto,El costo del servicio,Inseguro,Indiferente,Precio accesible,Mejoraría las ventas diarias porque limita el crecimiento para tomar decisiones con datos.,4,2.5,2,3,2,2,29.72,Baja,Sensible al precio
2026/08/14 1:17:29 p.m. CST,Muy Bajo,Menos de 5 horas a la semana,En archivos de excel u otro programa de hojas de calculo,1,Indiferente,Desconocimiento sobre que opciones existen,Inseguro,Indiferente,Precio accesible,Mejoraría las cotizaciones porque no tiene responsables claros para reducir errores.,1,2.5,1,2,2,2,36.67,Baja,Interes medio / diagnostico
2026/08/14 1:17:33 p.m. CST,Alto,Entre 5 y 10 horas a la semana,En un software especializado en la nube,2,Indiferente,falta de tiempo para implementar o aprender una nueva herramienta,Definitivamente,Muy Dispuesto,Precio accesible,Mejoraría la comunicación con clientes porque retrasa las decisiones para mejorar el servicio.,4,7.5,2,2,4,4,53.06,Media,Interes medio / diagnostico
2026/08/14 1:17:33 p.m. CST,Muy Bajo,Entre 5 y 10 horas a la semana,En un software especializado en la nube,1,Indispuesto,El costo del servicio,Para nada,Indispuesto,Automatice mi negocio,Mejoraría la planificación semanal porque causa olvidos para tomar decisiones con datos.,1,7.5,1,1,1,1,26.67,Baja,Baja prioridad
2026/08/14 1:17:33 p.m. CST,Muy Bajo,"No se pierde el tiempo, todo está perfectamente optimizado","En libretas, folders o agendas físicas",3,Dispuesto,Desconocimiento sobre que opciones existen,Interesado,Dispuesto,Automatice mi negocio,Mejoraría el archivo de documentos porque quita tiempo al equipo para responder más rápido.,1,0,3,3,3,3,58.33,Media,Educar y nutrir
2026/08/14 1:17:37 p.m. CST,Bajo,Entre 5 y 10 horas a la semana,"En libretas, folders o agendas físicas",3,Indispuesto,Desconocimiento sobre que opciones existen,Interesado,Muy Dispuesto,Facilidad de uso,Mejoraría la comunicación con clientes porque se pierde información para evitar tareas repetidas.,2,7.5,3,1,3,4,57.22,Media,Interes medio / diagnostico
2026/08/14 1:17:37 p.m. CST,Medio,Menos de 5 horas a la semana,En archivos de excel u otro programa de hojas de calculo,1,Indispuesto,El costo del servicio,Para nada,Indiferente,Precio accesible,Mejoraría los pagos pendientes porque se actualiza tarde para ahorrar tiempo.,3,2.5,1,1,1,2,14.44,Baja,Baja prioridad
2026/08/14 1:17:38 p.m. CST,Muy Bajo,Entre 5 y 10 horas a la semana,En un software especializado en la nube,1,Muy Dispuesto,El costo del servicio,Interesado,Muy Dispuesto,Automatice mi negocio,Mejoraría las ventas diarias porque depende de hojas de cálculo para aumentar la productividad.,1,7.5,1,4,3,4,71.11,Alta,Sensible al precio
2026/08/14 1:17:41 p.m. CST,Alto,Menos de 5 horas a la semana,En archivos de excel u otro programa de hojas de calculo,1,Muy Dispuesto,Desconocimiento sobre que opciones existen,Inseguro,Indiferente,Automatice mi negocio,Mejoraría las solicitudes internas porque causa olvidos para controlar mejor los costos.,4,2.5,1,4,2,2,31.11,Baja,Interes medio / diagnostico
2026/08/14 1:17:41 p.m. CST,Medio,Menos de 5 horas a la semana,En un software especializado en la nube,3,Indispuesto,Desconocimiento sobre que opciones existen,Definitivamente,Indispuesto,Facilidad de uso,Mejoraría la agenda de citas porque hace difícil encontrar datos para ordenar el trabajo.,3,2.5,3,1,4,1,33.89,Baja,Interes medio / diagnostico
2026/08/14 1:17:42 p.m. CST,Medio,Menos de 5 horas a la semana,"En libretas, folders o agendas físicas",4,Dispuesto,Desconocimiento sobre que opciones existen,Interesado,Dispuesto,Facilidad de uso,Mejoraría la comunicación con clientes porque hace difícil encontrar datos para controlar mejor los costos.,3,2.5,4,3,3,3,54.72,Media,Listo para vender
2026/08/14 1:17:45 p.m. CST,Medio,Mas de 10 horas a la semana,En un software especializado en la nube,4,Muy Dispuesto,El costo del servicio,Para nada,Indispuesto,Aumente mis ingresos,Mejoraría el control de caja porque depende de hojas de cálculo para mejorar el servicio.,3,12.5,4,4,1,1,51.39,Media,Sensible al precio
2026/08/14 1:17:45 p.m. CST,Alto,Menos de 5 horas a la semana,En archivos de excel u otro programa de hojas de calculo,3,Indispuesto,El costo del servicio,Definitivamente,Indiferente,Precio accesible,Mejoraría el registro de proveedores porque causa olvidos para ahorrar tiempo.,4,2.5,3,1,4,2,33.89,Baja,Interes medio / diagnostico
2026/08/14 1:17:47 p.m. CST,Bajo,"No se pierde el tiempo, todo está perfectamente optimizado",En archivos de excel u otro programa de hojas de calculo,1,Dispuesto,El costo del servicio,Para nada,Dispuesto,Aumente mis ingresos,Mejoraría la planificación semanal porque no tiene responsables claros para aumentar la productividad.,2,0,1,3,1,3,33.33,Baja,Sensible al precio
2026/08/14 1:17:49 p.m. CST,Bajo,Entre 5 y 10 horas a la semana,En un software especializado en la nube,3,Indispuesto,Desconocimiento sobre que opciones existen,Para nada,Indiferente,Aumente mis ingresos,Mejoraría el control de caja porque quita tiempo al equipo para evitar tareas repetidas.,2,7.5,3,1,1,2,35.0,Baja,Baja prioridad
2026/08/14 1:17:49 p.m. CST,Alto,Menos de 5 horas a la semana,"En libretas, folders o agendas físicas",4,Indiferente,falta de tiempo para implementar o aprender una nueva herramienta,Interesado,Indispuesto,Aumente mis ingresos,Mejoraría los indicadores porque depende de hojas de cálculo para mejorar el servicio.,4,2.5,4,2,3,1,32.5,Baja,Interes medio / diagnostico
2026/08/14 1:17:51 p.m. CST,Bajo,Menos de 5 horas a la semana,En archivos de excel u otro programa de hojas de calculo,4,Indiferente,falta de tiempo para implementar o aprender una nueva herramienta,Definitivamente,Muy Dispuesto,Aumente mis ingresos,Mejoraría la comunicación con clientes porque no tiene responsables claros para responder más rápido.,2,2.5,4,2,4,4,65.83,Alta,Interes medio / diagnostico
2026/08/14 1:17:53 p.m. CST,Alto,Entre 5 y 10 horas a la semana,En archivos de excel u otro programa de hojas de calculo,4,Dispuesto,Desconocimiento sobre que opciones existen,Inseguro,Indispuesto,Automatice mi negocio,Mejoraría el seguimiento de clientes porque no tiene responsables claros para ordenar el trabajo.,4,7.5,4,3,2,1,39.17,Baja,Interes medio / diagnostico
2026/08/14 1:17:54 p.m. CST,Bajo,Menos de 5 horas a la semana,"En libretas, folders o agendas físicas",5,Muy Dispuesto,falta de tiempo para implementar o aprender una nueva herramienta,Definitivamente,Dispuesto,Automatice mi negocio,Mejoraría la atención de consultas porque dificulta dar seguimiento para controlar mejor los costos.,2,2.5,5,4,4,3,75.56,Muy alta,Listo para vender
2026/08/14 1:17:55 p.m. CST,Medio,Mas de 10 horas a la semana,En archivos de excel u otro programa de hojas de calculo,4,Dispuesto,falta de tiempo para implementar o aprender una nueva herramienta,Para nada,Muy Dispuesto,Facilidad de uso,Mejoraría la agenda de citas porque no tiene responsables claros para ordenar el trabajo.,3,12.5,4,3,1,4,62.5,Alta,Interes medio / diagnostico
2026/08/14 1:17:57 p.m. CST,Medio,Mas de 10 horas a la semana,En archivos de excel u otro programa de hojas de calculo,2,Indiferente,El costo del servicio,Definitivamente,Muy Dispuesto,Aumente mis ingresos,Mejoraría las compras porque dificulta dar seguimiento para tener información centralizada.,3,12.5,2,2,4,4,65.28,Alta,Sensible al precio
2026/08/14 1:17:58 p.m. CST,Bajo,Entre 5 y 10 horas a la semana,En un software especializado en la nube,2,Dispuesto,El costo del servicio,Definitivamente,Dispuesto,Aumente mis ingresos,Mejoraría el archivo de documentos porque impide medir resultados para ahorrar tiempo.,2,7.5,2,3,4,3,64.17,Alta,Sensible al precio
2026/08/14 1:17:59 p.m. CST,Bajo,"No se pierde el tiempo, todo está perfectamente optimizado","En libretas, folders o agendas físicas",4,Indispuesto,falta de tiempo para implementar o aprender una nueva herramienta,Para nada,Dispuesto,Automatice mi negocio,Mejoraría las compras porque causa olvidos para tener información centralizada.,2,0,4,1,1,3,34.72,Baja,Baja prioridad
2026/08/14 1:18:01 p.m. CST,Alto,"No se pierde el tiempo, todo está perfectamente optimizado","En libretas, folders o agendas físicas",3,Indispuesto,El costo del servicio,Interesado,Dispuesto,Facilidad de uso,Mejoraría las facturas porque se actualiza tarde para evitar tareas repetidas.,4,0,3,1,3,3,30.56,Baja,Interes medio / diagnostico
2026/08/14 1:18:02 p.m. CST,Alto,Menos de 5 horas a la semana,"En libretas, folders o agendas físicas",1,Indiferente,Desconocimiento sobre que opciones existen,Definitivamente,Indispuesto,Aumente mis ingresos,Mejoraría los pagos pendientes porque no tiene responsables claros para mejorar el servicio.,4,2.5,1,2,4,1,25.56,Baja,Interes medio / diagnostico
2026/08/14 1:18:03 p.m. CST,Medio,Entre 5 y 10 horas a la semana,En archivos de excel u otro programa de hojas de calculo,1,Indispuesto,El costo del servicio,Definitivamente,Dispuesto,Precio accesible,Mejoraría las tareas recurrentes porque produce retrasos para evitar tareas repetidas.,3,7.5,1,1,4,3,43.33,Media,Interes medio / diagnostico
2026/08/14 1:18:05 p.m. CST,Medio,Entre 5 y 10 horas a la semana,En un software especializado en la nube,3,Indiferente,El costo del servicio,Interesado,Indiferente,Facilidad de uso,Mejoraría la agenda de citas porque limita el crecimiento para tener información centralizada.,3,7.5,3,2,3,2,46.11,Media,Sensible al precio
2026/08/14 1:23:55 p.m. CST,Medio,Mas de 10 horas a la semana,"En libretas, folders o agendas físicas",5,Muy Dispuesto,Desconocimiento sobre que opciones existen,Interesado,Muy Dispuesto,Facilidad de uso,Mejoraría los indicadores porque no deja ver el estado real para controlar mejor los costos.,3,12.5,5,4,3,4,83.33,Muy alta,Listo para vender
2026/08/14 1:23:55 p.m. CST,Bajo,Menos de 5 horas a la semana,En archivos de excel u otro programa de hojas de calculo;En un software especializado en la nube,5,Muy Dispuesto,El costo del servicio,Interesado,Dispuesto,Facilidad de uso,Mejoraría los turnos del equipo porque causa olvidos para ordenar el trabajo.,2,2.5,5,4,3,3,70.0,Alta,Listo para vender
2026/08/14 1:23:55 p.m. CST,Bajo,Menos de 5 horas a la semana,"En libretas, folders o agendas físicas;En archivos de excel u otro programa de hojas de calculo;En un software especializado en la nube",3,Muy Dispuesto,El costo del servicio,Interesado,Dispuesto,Precio accesible,Mejoraría la planificación semanal porque quita tiempo al equipo para ahorrar tiempo.,2,2.5,3,4,3,3,61.67,Alta,Sensible al precio
2026/08/14 1:23:59 p.m. CST,Medio,Mas de 10 horas a la semana,"En libretas, folders o agendas físicas;En archivos de excel u otro programa de hojas de calculo;En un software especializado en la nube",2,Dispuesto,falta de tiempo para implementar o aprender una nueva herramienta,Interesado,Dispuesto,Aumente mis ingresos,Mejoraría las entregas porque se maneja de forma dispersa para evitar tareas repetidas.,3,12.5,2,3,3,3,59.72,Media,Interes medio / diagnostico
2026/08/14 1:24:00 p.m. CST,Bajo,Mas de 10 horas a la semana,En archivos de excel u otro programa de hojas de calculo,2,Muy Dispuesto,El costo del servicio,Interesado,Dispuesto,Automatice mi negocio;Aumente mis ingresos,Mejoraría el seguimiento de clientes porque genera duplicados para tener información centralizada.,2,12.5,2,4,3,3,70.83,Alta,Sensible al precio
2026/08/14 1:24:00 p.m. CST,Medio,Mas de 10 horas a la semana,"En libretas, folders o agendas físicas;En un software especializado en la nube",2,Indiferente,El costo del servicio,Interesado,Dispuesto,Aumente mis ingresos;Facilidad de uso,Mejoraría los contratos porque requiere revisar varios archivos para reducir errores.,3,12.5,2,2,3,3,54.17,Media,Sensible al precio
2026/08/14 1:24:03 p.m. CST,Bajo,Menos de 5 horas a la semana,"En libretas, folders o agendas físicas;En archivos de excel u otro programa de hojas de calculo;En un software especializado en la nube",4,Dispuesto,falta de tiempo para implementar o aprender una nueva herramienta,Interesado,Muy Dispuesto,Automatice mi negocio;Aumente mis ingresos;Facilidad de uso,Mejoraría los turnos del equipo porque genera duplicados para ordenar el trabajo.,2,2.5,4,3,3,4,65.83,Alta,Listo para vender
2026/08/14 1:24:04 p.m. CST,Medio,Menos de 5 horas a la semana,En archivos de excel u otro programa de hojas de calculo;En un software especializado en la nube,1,Muy Dispuesto,El costo del servicio,Interesado,Muy Dispuesto,Automatice mi negocio;Precio accesible;Aumente mis ingresos;Facilidad de uso,Mejoraría la atención de consultas porque no deja ver el estado real para reducir errores.,3,2.5,1,4,3,4,53.33,Media,Sensible al precio
2026/08/14 1:24:04 p.m. CST,Medio,Menos de 5 horas a la semana,"En libretas, folders o agendas físicas;En archivos de excel u otro programa de hojas de calculo;En un software especializado en la nube",5,Dispuesto,Desconocimiento sobre que opciones existen,Interesado,Dispuesto,Automatice mi negocio;Precio accesible;Facilidad de uso,Mejoraría los reportes porque produce retrasos para tomar decisiones con datos.,3,2.5,5,3,3,3,58.89,Media,Listo para vender
2026/08/14 1:24:08 p.m. CST,Medio,Mas de 10 horas a la semana,"En libretas, folders o agendas físicas;En archivos de excel u otro programa de hojas de calculo;En un software especializado en la nube",5,Dispuesto,El costo del servicio,Interesado,Muy Dispuesto,Automatice mi negocio;Aumente mis ingresos,Mejoraría las tareas recurrentes porque provoca errores para controlar mejor los costos.,3,12.5,5,3,3,4,77.78,Muy alta,Listo para vender
2026/08/14 1:24:08 p.m. CST,Medio,Mas de 10 horas a la semana,"En libretas, folders o agendas físicas;En archivos de excel u otro programa de hojas de calculo",1,Muy Dispuesto,falta de tiempo para implementar o aprender una nueva herramienta,Interesado,Muy Dispuesto,Precio accesible,Mejoraría las tareas recurrentes porque impide medir resultados para tener información centralizada.,3,12.5,1,4,3,4,66.67,Alta,Interes medio / diagnostico
2026/08/14 1:24:09 p.m. CST,Bajo,Mas de 10 horas a la semana,"En libretas, folders o agendas físicas;En archivos de excel u otro programa de hojas de calculo;En un software especializado en la nube",5,Dispuesto,Desconocimiento sobre que opciones existen,Interesado,Muy Dispuesto,Automatice mi negocio;Precio accesible;Aumente mis ingresos;Facilidad de uso,Mejoraría la agenda de citas porque se maneja de forma dispersa para tomar decisiones con datos.,2,12.5,5,3,3,4,83.33,Muy alta,Listo para vender
2026/08/14 1:24:12 p.m. CST,Medio,Mas de 10 horas a la semana,En archivos de excel u otro programa de hojas de calculo;En un software especializado en la nube,3,Muy Dispuesto,El costo del servicio,Interesado,Dispuesto,Automatice mi negocio,Mejoraría las compras porque requiere revisar varios archivos para ordenar el trabajo.,3,12.5,3,4,3,3,69.44,Alta,Sensible al precio
2026/08/14 1:24:13 p.m. CST,Medio,Menos de 5 horas a la semana,"En libretas, folders o agendas físicas;En archivos de excel u otro programa de hojas de calculo;En un software especializado en la nube",1,Muy Dispuesto,El costo del servicio,Interesado,Muy Dispuesto,Aumente mis ingresos,Mejoraría el registro de proveedores porque provoca errores para evitar tareas repetidas.,3,2.5,1,4,3,4,53.33,Media,Sensible al precio
2026/08/14 1:24:13 p.m. CST,Medio,Menos de 5 horas a la semana,"En libretas, folders o agendas físicas;En archivos de excel u otro programa de hojas de calculo",1,Muy Dispuesto,El costo del servicio,Interesado,Muy Dispuesto,Automatice mi negocio;Facilidad de uso,Mejoraría el inventario porque se actualiza tarde para tomar decisiones con datos.,3,2.5,1,4,3,4,53.33,Media,Sensible al precio
2026/08/14 1:24:16 p.m. CST,Medio,Mas de 10 horas a la semana,"En libretas, folders o agendas físicas;En un software especializado en la nube",5,Dispuesto,Desconocimiento sobre que opciones existen,Inseguro,Muy Dispuesto,Automatice mi negocio;Precio accesible;Facilidad de uso,Mejoraría la atención de consultas porque no tiene responsables claros para tener información centralizada.,3,12.5,5,3,2,4,72.22,Alta,Educar y nutrir
2026/08/14 1:24:17 p.m. CST,Bajo,Mas de 10 horas a la semana,En un software especializado en la nube,3,Indiferente,falta de tiempo para implementar o aprender una nueva herramienta,Interesado,Dispuesto,Automatice mi negocio;Precio accesible,Mejoraría el archivo de documentos porque limita el crecimiento para aumentar la productividad.,2,12.5,3,2,3,3,63.89,Alta,Interes medio / diagnostico
2026/08/14 1:24:17 p.m. CST,Bajo,Mas de 10 horas a la semana,En archivos de excel u otro programa de hojas de calculo;En un software especializado en la nube,1,Muy Dispuesto,Desconocimiento sobre que opciones existen,Inseguro,Dispuesto,Precio accesible;Aumente mis ingresos;Facilidad de uso,Mejoraría la atención de consultas porque depende de hojas de cálculo para evitar tareas repetidas.,2,12.5,1,4,2,3,61.11,Alta,Educar y nutrir
2026/08/14 1:24:20 p.m. CST,Bajo,Mas de 10 horas a la semana,"En libretas, folders o agendas físicas;En un software especializado en la nube",2,Dispuesto,falta de tiempo para implementar o aprender una nueva herramienta,Inseguro,Dispuesto,Aumente mis ingresos,Mejoraría la planificación semanal porque no tiene alertas para tomar decisiones con datos.,2,12.5,2,3,2,3,59.72,Media,Interes medio / diagnostico
2026/08/14 1:24:21 p.m. CST,Medio,Mas de 10 horas a la semana,"En libretas, folders o agendas físicas;En archivos de excel u otro programa de hojas de calculo",2,Indiferente,falta de tiempo para implementar o aprender una nueva herramienta,Interesado,Muy Dispuesto,Precio accesible;Aumente mis ingresos,Mejoraría el control de gastos porque dificulta dar seguimiento para tener información centralizada.,3,12.5,2,2,3,4,59.72,Media,Interes medio / diagnostico
2026/08/14 1:24:22 p.m. CST,Medio,Mas de 10 horas a la semana,En archivos de excel u otro programa de hojas de calculo;En un software especializado en la nube,3,Indiferente,El costo del servicio,Interesado,Muy Dispuesto,Automatice mi negocio;Precio accesible;Aumente mis ingresos;Facilidad de uso,Mejoraría las tareas recurrentes porque no tiene alertas para evitar tareas repetidas.,3,12.5,3,2,3,4,63.89,Alta,Sensible al precio
2026/08/14 1:24:24 p.m. CST,Bajo,Mas de 10 horas a la semana,"En libretas, folders o agendas físicas;En archivos de excel u otro programa de hojas de calculo",3,Muy Dispuesto,El costo del servicio,Inseguro,Dispuesto,Automatice mi negocio;Aumente mis ingresos,Mejoraría las compras porque no tiene responsables claros para evitar tareas repetidas.,2,12.5,3,4,2,3,69.44,Alta,Sensible al precio
2026/08/14 1:24:25 p.m. CST,Medio,Menos de 5 horas a la semana,En un software especializado en la nube,3,Dispuesto,falta de tiempo para implementar o aprender una nueva herramienta,Interesado,Muy Dispuesto,Automatice mi negocio;Aumente mis ingresos,Mejoraría las compras porque no tiene responsables claros para aumentar la productividad.,3,2.5,3,3,3,4,56.11,Media,Interes medio / diagnostico
2026/08/14 1:24:26 p.m. CST,Medio,Menos de 5 horas a la semana,"En libretas, folders o agendas físicas;En archivos de excel u otro programa de hojas de calculo",1,Muy Dispuesto,El costo del servicio,Interesado,Dispuesto,Automatice mi negocio;Precio accesible;Aumente mis ingresos;Facilidad de uso,Mejoraría el control de gastos porque no deja ver el estado real para mejorar el servicio.,3,2.5,1,4,3,3,47.78,Media,Sensible al precio
2026/08/14 1:24:29 p.m. CST,Medio,Mas de 10 horas a la semana,"En libretas, folders o agendas físicas;En archivos de excel u otro programa de hojas de calculo;En un software especializado en la nube",4,Dispuesto,falta de tiempo para implementar o aprender una nueva herramienta,Interesado,Muy Dispuesto,Automatice mi negocio;Precio accesible;Aumente mis ingresos;Facilidad de uso,Mejoraría los pagos pendientes porque provoca errores para aumentar la productividad.,3,12.5,4,3,3,4,73.61,Alta,Listo para vender
2026/08/14 1:24:30 p.m. CST,Bajo,Menos de 5 horas a la semana,"En libretas, folders o agendas físicas;En archivos de excel u otro programa de hojas de calculo;En un software especializado en la nube",4,Dispuesto,falta de tiempo para implementar o aprender una nueva herramienta,Inseguro,Dispuesto,Automatice mi negocio;Precio accesible;Aumente mis ingresos;Facilidad de uso,Mejoraría el registro de proveedores porque quita tiempo al equipo para responder más rápido.,2,2.5,4,3,2,3,54.72,Media,Interes medio / diagnostico
2026/08/14 1:24:31 p.m. CST,Bajo,Menos de 5 horas a la semana,En un software especializado en la nube,3,Indiferente,Desconocimiento sobre que opciones existen,Interesado,Dispuesto,Automatice mi negocio;Precio accesible;Aumente mis ingresos;Facilidad de uso,Mejoraría las compras porque impide medir resultados para mejorar el servicio.,2,2.5,3,2,3,3,50.56,Media,Educar y nutrir
2026/08/14 1:24:33 p.m. CST,Medio,Menos de 5 horas a la semana,"En libretas, folders o agendas físicas;En archivos de excel u otro programa de hojas de calculo;En un software especializado en la nube",4,Indiferente,falta de tiempo para implementar o aprender una nueva herramienta,Inseguro,Dispuesto,Precio accesible;Facilidad de uso,Mejoraría la atención de consultas porque causa olvidos para reducir errores.,3,2.5,4,2,2,3,43.61,Media,Interes medio / diagnostico
2026/08/14 1:24:34 p.m. CST,Medio,Mas de 10 horas a la semana,"En libretas, folders o agendas físicas;En archivos de excel u otro programa de hojas de calculo;En un software especializado en la nube",4,Dispuesto,Desconocimiento sobre que opciones existen,Inseguro,Dispuesto,Precio accesible;Aumente mis ingresos;Facilidad de uso,Mejoraría las órdenes de trabajo porque no tiene responsables claros para controlar mejor los costos.,3,12.5,4,3,2,3,62.5,Alta,Educar y nutrir
2026/08/14 1:24:35 p.m. CST,Medio,Menos de 5 horas a la semana,"En libretas, folders o agendas físicas;En archivos de excel u otro programa de hojas de calculo;En un software especializado en la nube",3,Indiferente,falta de tiempo para implementar o aprender una nueva herramienta,Interesado,Dispuesto,Automatice mi negocio;Precio accesible;Aumente mis ingresos,Mejoraría las órdenes de trabajo porque no deja ver el estado real para ordenar el trabajo.,3,2.5,3,2,3,3,45.0,Media,Interes medio / diagnostico
2026/08/14 1:24:38 p.m. CST,Medio,Menos de 5 horas a la semana,"En libretas, folders o agendas físicas",5,Muy Dispuesto,Desconocimiento sobre que opciones existen,Interesado,Muy Dispuesto,Automatice mi negocio;Precio accesible;Aumente mis ingresos;Facilidad de uso,Mejoraría las compras porque requiere revisar varios archivos para tener información centralizada.,3,2.5,5,4,3,4,70.0,Alta,Listo para vender
2026/08/14 1:24:39 p.m. CST,Bajo,Menos de 5 horas a la semana,En un software especializado en la nube,3,Dispuesto,Desconocimiento sobre que opciones existen,Interesado,Muy Dispuesto,Automatice mi negocio;Precio accesible;Aumente mis ingresos;Facilidad de uso,Mejoraría las tareas recurrentes porque se actualiza tarde para ahorrar tiempo.,2,2.5,3,3,3,4,61.67,Alta,Educar y nutrir
2026/08/14 1:24:40 p.m. CST,Bajo,Mas de 10 horas a la semana,En archivos de excel u otro programa de hojas de calculo;En un software especializado en la nube,5,Muy Dispuesto,El costo del servicio,Interesado,Dispuesto,Automatice mi negocio;Precio accesible;Aumente mis ingresos,Mejoraría las ventas diarias porque se pierde información para responder más rápido.,2,12.5,5,4,3,3,83.33,Muy alta,Listo para vender
2026/08/14 1:24:42 p.m. CST,Medio,Menos de 5 horas a la semana,"En libretas, folders o agendas físicas;En archivos de excel u otro programa de hojas de calculo;En un software especializado en la nube",1,Indiferente,falta de tiempo para implementar o aprender una nueva herramienta,Interesado,Dispuesto,Automatice mi negocio;Aumente mis ingresos;Facilidad de uso,Mejoraría la planificación semanal porque produce retrasos para tener información centralizada.,3,2.5,1,2,3,3,36.67,Baja,Interes medio / diagnostico
2026/08/14 1:24:43 p.m. CST,Medio,Mas de 10 horas a la semana,"En libretas, folders o agendas físicas;En archivos de excel u otro programa de hojas de calculo;En un software especializado en la nube",2,Muy Dispuesto,falta de tiempo para implementar o aprender una nueva herramienta,Inseguro,Muy Dispuesto,Automatice mi negocio;Facilidad de uso,Mejoraría la comunicación con clientes porque no tiene alertas para mejorar el servicio.,3,12.5,2,4,2,4,65.28,Alta,Interes medio / diagnostico
2026/08/14 1:24:44 p.m. CST,Medio,Menos de 5 horas a la semana,"En libretas, folders o agendas físicas;En archivos de excel u otro programa de hojas de calculo;En un software especializado en la nube",5,Indiferente,falta de tiempo para implementar o aprender una nueva herramienta,Inseguro,Dispuesto,Automatice mi negocio;Precio accesible;Aumente mis ingresos;Facilidad de uso,Mejoraría las facturas porque retrasa las decisiones para responder más rápido.,3,2.5,5,2,2,3,47.78,Media,Interes medio / diagnostico
2026/08/14 1:24:47 p.m. CST,Bajo,Menos de 5 horas a la semana,"En libretas, folders o agendas físicas;En archivos de excel u otro programa de hojas de calculo",2,Muy Dispuesto,Desconocimiento sobre que opciones existen,Inseguro,Muy Dispuesto,Automatice mi negocio;Aumente mis ingresos;Facilidad de uso,Mejoraría el seguimiento de garantías porque genera duplicados para tomar decisiones con datos.,2,2.5,2,4,2,4,57.5,Media,Educar y nutrir
